Name,DD.MM
Dzirżyterg,16.03
Alban,21.06
Alban,22.06
Wszebąd,09.07
Smaragd,08.08
Bachus,07.10
Bachus,15.12
Kwintyn,31.10
Konstantyna,18.02
Glicery,15.02
Glicery,20.09
Glicery,21.12
Wojciech,23.04
Chociebor,06.07
Machabeusz,14.08
Genadia,13.09
Berengar,02.10
Gilbert,04.02
Gilbert,13.02
Gilbert,16.02
Narzes,27.03
Narzes,20.11
Fulbert,10.04
Anatola,09.07
Anatola,23.12
Firmin,18.08
Firmin,25.09
Firmin,11.10
Pulcheria,10.09
Monitor,10.11
Uniemir,23.01
Uniemir,03.12
Tomisława,10.02
Tomisława,27.07
Tomisława,21.12
Lena,21.02
Lena,21.05
Lena,22.07
Lena,18.08
Lena,26.09
Lena,28.09
Lena,10.11
Rodryg,13.03
Ubysław,30.07
Eleazar,01.08
Eleazar,27.09
Ansgar,03.02
Napoleon,15.08
Poncjusz,08.03
Witosława,04.02
Teresa,03.03
Teresa,07.03
Teresa,11.03
Teresa,12.04
Teresa,07.06
Teresa,27.06
Teresa,06.07
Teresa,09.08
Teresa,26.08
Teresa,26.09
Teresa,01.10
Teresa,03.10
Teresa,15.10
Gelazja,27.03
Gelazja,21.11
Florian,04.05
Florian,07.05
Florian,05.11
Florian,17.12
Tekla,04.05
Tekla,30.08
Tekla,23.09
Tekla,07.10
Tekla,15.10
Kanmił,16.07
Domaradz,29.12
Markwart,02.02
Alfreda,02.08
Litobor,30.03
Geminian,31.01
Geminian,16.09
Placyd,15.03
Placyd,06.05
Placyd,12.06
Placyd,11.07
Placyd,05.10
Placyd,11.10
Gwendalina,14.10
Barlaam,19.11
Maur,15.01
Maur,20.01
Maur,29.01
Maur,27.07
Maur,05.10
Maur,25.10
Maur,08.11
Maur,22.11
Maur,10.12
Kleonika,03.03
Maryniusz,03.03
Maryniusz,08.08
Maryniusz,03.09
Maryniusz,15.12
Filemon,08.03
Filemon,21.03
Filemon,22.11
Faina,18.05
Tespezjusz,01.06
Tespezjusz,20.11
Aureusz,16.06
Jan Kasjan,23.07
Makary,02.01
Makary,15.01
Makary,28.02
Makary,10.03
Makary,01.04
Makary,10.04
Makary,20.06
Makary,12.08
Makary,30.10
Makary,08.12
Makary,20.12
Esmeralda,08.08
Innocentyna,16.09
Gereon,10.10
Romula,23.07
Witalis,14.02
Witalis,28.04
Witalis,31.05
Witalis,10.07
Witalis,01.09
Witalis,22.09
Witalis,20.10
Witalis,03.11
Witalis,04.11
Czesława,12.01
Czesława,12.06
Czesława,20.07
Radomiła,11.06
Radomiła,13.07
Radomiła,19.07
Radomiła,13.08
Wincentam,28.06
Salustia,14.09
Perpet,08.04
Eliza,14.06
Eliza,17.08
Eliza,02.09
Kineburga,25.06
Kasjana,05.08
Kasjana,13.08
Zofia,15.05
Zofia,02.09
Zofia,18.09
Zofia,23.09
Zofia,30.09
Zofia,18.12
Bohdana,06.02
Bohdana,10.08
Bohdana,02.11
Cymbarka,06.03
Zyta,27.04
Włodzisława,27.06
Niegosława,02.07
Paloma,19.09
Prymus,03.01
Prymus,09.02
Fulko,22.05
Fulko,26.10
Paryzjusz,11.06
Festus,19.09
Festus,21.12
Grodzisław,10.04
Grodzisław,12.10
Filaret,06.04
Wojciecha,23.04
Wojciecha,24.07
Antym,27.04
Antym,11.05
Antym,16.09
Elifiusz,16.10
Wiator,14.12
Ewangelina,29.01
Ksenofont,26.01
Ludwika,31.01
Ludwika,15.03
Ludwika,20.07
Wszebor,27.07
Michał,23.01
Michał,10.02
Michał,17.02
Michał,02.03
Michał,06.04
Michał,10.04
Michał,04.05
Michał,08.05
Michał,14.05
Michał,23.05
Michał,14.06
Michał,20.06
Michał,05.07
Michał,25.08
Michał,29.08
Michał,01.09
Michał,06.09
Michał,29.09
Michał,23.11
Nikolina,26.02
Odeta,08.07
Ewald,03.10
Paulin,11.01
Paulin,29.04
Paulin,04.05
Paulin,22.06
Paulin,12.07
Paulin,31.08
Liberata,18.01
Liberata,12.12
Briok,01.05
Justa,19.07
Audomar,09.09
Audomar,16.11
Lutosław,26.10
Brajan,10.12
Remigiusz,13.01
Remigiusz,20.07
Remigiusz,01.10
Remigiusz,18.10
Eleonora,21.02
Eleonora,19.12
Teodul,01.06
Teodul,18.06
Teodul,23.12
Rudolfa,21.06
Rudolfa,25.07
Rudolfa,01.08
Rudolfa,17.10
Rudolfa,01.12
Wielimir,28.10
Dobrogniewa,30.01
Humbelina,12.02
Humbelina,13.02
Klemencja,21.03
Alwina,26.05
Cecylia,10.06
Cecylia,22.11
Symforiana,22.08
Symforiana,08.11
Arleta,03.01
Arleta,11.04
Judyta,13.01
Judyta,06.05
Judyta,16.06
Judyta,10.12
Judyta,22.12
Stefan,02.02
Stefan,03.02
Stefan,08.02
Stefan,13.02
Stefan,23.02
Stefan,08.03
Stefan,29.03
Stefan,17.04
Stefan,25.04
Stefan,09.05
Stefan,29.05
Stefan,12.06
Stefan,16.07
Stefan,02.08
Stefan,06.08
Stefan,15.08
Stefan,16.08
Stefan,02.09
Stefan,07.10
Stefan,10.11
Stefan,14.11
Stefan,22.11
Stefan,28.11
Stefan,11.12
Eutychia,03.04
Brykcjusz,09.07
Brykcjusz,13.11
Liboriusz,23.07
Liboriusz,09.12
Archelaus,23.08
Aniela,04.01
Aniela,29.01
Aniela,28.03
Aniela,30.03
Aniela,01.05
Aniela,31.05
Aniela,10.07
Aniela,09.09
Aniela,18.11
Efrem,07.03
Efrem,02.06
Efrem,09.06
Efrem,18.06
Oldmir,24.03
Adalwin,26.05
Boleczest,24.10
Tomił,10.02
Tomił,10.10
Notger,06.04
Notger,09.04
Notger,10.04
Cecylian,16.04
Witomysł,11.06
Seren,28.06
Sostenes,28.11
Argea,02.01
Jan Gwalbert,12.07
Roland,09.08
Roland,15.09
Domasuł,16.08
Domasuł,07.09
Innocencja,16.09
Ewaryst,26.10
Ewaryst,23.12
Przemysława,13.04
Leonida,22.04
Leonida,04.05
Leonida,15.06
Leonida,12.08
Ermenfryda,25.09
Eligia,15.01
Eligia,01.12
Pęcisława,25.01
Pęcisława,04.08
Pęcisława,05.12
Dobrowoj,14.08
Ptolemeusz,19.10
Ptolemeusz,20.12
Narcyza,08.12
Mieszko,01.01
Tuliusz,19.02
Asumpta,07.04
Majol,11.05
Liwia,13.11
Hilariona,12.02
Hilariona,12.07
Faustyn,15.02
Faustyn,17.02
Faustyn,29.07
Erast,26.07
Celiusz,27.07
Nikanora,10.01
Nikanora,05.06
Donacjan,24.05
Donacjan,06.09
Donacjan,14.10
Paramon,29.11
Paramon,12.12
Gliceriusz,15.02
Gliceriusz,20.09
Gliceriusz,21.12
Radogost,14.01
Jerzy,27.01
Jerzy,14.02
Jerzy,19.02
Jerzy,19.04
Jerzy,20.04
Jerzy,23.04
Jerzy,24.04
Jerzy,27.07
Jerzy,24.08
Jerzy,20.10
Jerzy,02.11
Ansegiz,20.07
Heliasz,20.07
Sobieżyr,11.11
Teogenes,03.01
Teogenes,26.01
Teogenes,15.02
Largus,08.08
Largus,12.08
Straton,17.08
Straton,09.09
Eutychian,13.11
Eutychian,07.12
Cieszymysł,13.03
Cieszymysł,18.11
Budzimir,16.03
Penelopa,05.05
Izbylut,29.05
Pacyfik,04.06
Pacyfik,21.09
Pacyfik,24.09
Maurycja,10.07
Arsacjusz,16.08
Arsacjusz,12.11
Gniewosądka,08.02
Talus,11.03
Dezydery,11.02
Dezydery,25.03
Dezydery,23.05
Dezydery,19.09
Benigny,13.02
Benigny,01.11
Benigny,09.11
Milburga,23.02
Oliwier,27.05
Oliwier,02.09
Aurelian,16.06
Aurelian,04.07
Aurelian,16.10
Bonifacja,08.08
Gaspar,25.09
Greta,12.01
Dobromiła,04.10
Dobromiła,11.10
Eustachiusz,04.02
Eustachiusz,20.02
Eustachiusz,20.09
Eustachiusz,12.10
Roksana,15.07
Roksana,14.09
Grzegorz,02.01
Grzegorz,04.01
Grzegorz,10.01
Grzegorz,11.02
Grzegorz,12.02
Grzegorz,13.02
Grzegorz,09.03
Grzegorz,12.03
Grzegorz,24.04
Grzegorz,26.04
Grzegorz,04.05
Grzegorz,09.05
Grzegorz,25.05
Grzegorz,13.06
Grzegorz,25.08
Grzegorz,03.09
Grzegorz,30.09
Grzegorz,16.10
Grzegorz,17.11
Grzegorz,20.11
Grzegorz,23.11
Grzegorz,28.11
Grzegorz,10.12
Grzegorz,19.12
Grzegorz,24.12
Pakosław,15.02
Pakosław,05.03
Kwiryna,30.03
Kwiryna,04.06
Klotylda,03.06
Klotylda,23.10
Domabor,28.10
Mścisław,08.01
Godzisław,22.03
Godzisław,01.12
Godzisław,24.12
Godzisław,28.12
Siemidrog,12.04
Meriadok,07.06
Siemowit,18.10
Adela,23.11
Adela,24.12
Eufemia,19.01
Eufemia,20.03
Eufemia,16.09
Teodoryk,27.01
Teodoryk,02.02
Teodoryk,01.07
Teodoryk,09.07
Teodoryk,25.08
Teodoryk,07.09
Teodoryk,15.10
Gaudenty,22.01
Gaudenty,12.02
Gaudenty,19.06
Gaudenty,25.08
Gaudenty,14.10
Gaudenty,25.10
Dominik,22.01
Dominik,16.02
Dominik,09.03
Dominik,11.03
Dominik,26.04
Dominik,12.05
Dominik,06.07
Dominik,04.08
Dominik,08.08
Dominik,27.08
Dominik,14.10
Dominik,05.11
Dominik,27.11
Dominik,20.12
Dominik,29.12
Nazary,10.05
Nazary,12.06
Nazary,28.07
Aidan,31.08
Marta,19.01
Marta,22.02
Marta,23.02
Marta,18.03
Marta,21.06
Marta,05.07
Marta,29.07
Marta,19.09
Heladia,08.01
Heladia,18.02
Heladia,08.05
Heladia,25.05
Heladia,28.05
Marcjanna,09.01
Marcjanna,25.05
Marcjanna,12.07
Dobrosiodł,29.02
Borzysław,25.05
Borzysław,19.06
Nikomedes,15.09
Wendelin,21.10
Tworzysław,31.12
Jan Nepomucen,05.01
Jan Nepomucen,16.05
Jan Nepomucen,21.05
Heladiusz,08.01
Heladiusz,18.02
Heladiusz,08.05
Heladiusz,25.05
Heladiusz,28.05
Ernest,12.01
Ernest,13.03
Ernest,27.03
Ernest,13.07
Sofronia,10.05
Janusz,24.06
Janusz,21.11
Barbara,04.12
Fulgenty,01.01
Ludomił,20.02
Wergilia,05.03
Wergilia,27.11
Stylian,26.11
Jarosław,21.01
Jarosław,25.04
Jarosław,07.06
Jarosław,27.11
Nilus,20.02
Nilus,19.09
Nilus,26.09
Nilus,12.11
Celestyna,18.03
Celestyna,06.04
Celestyna,12.06
Jaromir,11.04
Jaromir,28.05
Jaromir,24.09
Aldhelm,25.05
Artemiusz,06.06
Artemiusz,20.10
Miłowan,25.01
Emma,31.01
Emma,08.04
Emma,19.04
Emma,20.04
Emma,29.06
Emma,03.12
Emma,28.12
Apollina,21.04
Norberta,06.06
Daria,21.09
Daria,22.09
Daria,25.10
Tomir,24.09
Kleofas,25.09
Lewin,14.11
Sędziwoj,18.01
Sędziwoj,08.11
Wrociwoj,26.12
Cieszmir,13.05
Sieciesław,22.08
Haralampia,16.03
Haralampia,03.07
Haralampia,13.09
Nikander,15.03
Nikander,17.06
Nikander,07.11
Jozafata,25.03
Kanizjusz,27.04
Nasława,10.07
Parys,05.08
Imbram,22.09
Paraskewa,14.10
German,07.03
German,12.05
German,28.05
German,07.07
German,31.07
German,06.09
German,10.10
German,23.10
German,30.10
German,03.11
German,13.11
Konradyn,01.11
Polikarp,08.02
Polikarp,23.02
Polikarp,07.12
Marotas,27.03
Lambert,14.04
Lambert,16.04
Lambert,26.05
Lambert,22.08
Lambert,17.09
Myślibor,18.05
Myślibor,14.06
Myślibor,28.09
Wiesław,22.05
Wiesław,07.06
Wiesław,21.11
Wiesław,09.12
Budziwoj,23.05
Budziwoj,26.09
Apollo,10.06
Apollo,08.12
Germana,19.01
Germana,15.06
Ilidia,07.07
Przybyrad,27.01
Przybyrad,15.02
Przybyrad,12.06
Przybyrad,27.12
Kasylda,09.04
Eryk,18.05
Eryk,18.08
Eryk,24.12
Urszula,29.05
Urszula,21.10
Maksymin,29.05
Maksymin,08.06
Maksymin,15.12
Olimpiusz,12.06
Olimpiusz,23.07
Przemir,09.01
Bogodar,27.06
Bogodar,02.07
Bogodar,10.08
Bogodar,09.10
Bogodar,08.11
Samson,27.06
Samson,10.07
Samson,28.07
Hugona,10.08
Felicja,27.04
Felicja,30.09
Julita,18.05
Julita,30.07
Estera,01.07
Zdziesuł,19.07
Otylia,13.12
Strzeżysława,05.02
Szymona,18.07
Małogost,23.10
Merkury,25.11
Samboja,13.12
Eudoksja,01.03
Diodora,03.05
Diodora,11.09
Mucjusz,13.05
Wolisław,16.12
Dobiegniew,20.01
Dobiegniew,30.01
Edgar,10.06
Edgar,08.07
Maksanty,26.06
Maksanty,12.12
Engelbert,10.07
Engelbert,07.11
Malina,24.08
Tarazjusz,25.02
Elfeg,19.04
Elfeg,20.04
Ryta,22.05
Ryta,16.07
Cyryla,05.07
Cyryla,28.10
Świelub,20.08
Bogdał,10.12
Katarzyna,02.02
Katarzyna,13.02
Katarzyna,09.03
Katarzyna,22.03
Katarzyna,24.03
Katarzyna,01.04
Katarzyna,05.04
Katarzyna,06.04
Katarzyna,09.04
Katarzyna,17.04
Katarzyna,29.04
Katarzyna,30.04
Katarzyna,09.05
Katarzyna,04.09
Katarzyna,15.09
Katarzyna,25.11
Katarzyna,31.12
Makaria,08.04
Peregryn,01.05
Peregryn,05.05
Peregryn,16.05
Peregryn,13.06
Peregryn,07.07
Peregryn,25.08
Peregryn,05.09
Zdziebor,05.05
Gostmił,04.06
Drogoradz,18.06
Drogoradz,18.07
Drogoradz,17.11
Zawisza,17.08
Alfons,07.02
Alfons,01.06
Alfons,25.07
Alfons,01.08
Alfons,28.08
Alfons,19.09
Alfons,31.10
Alfons,15.11
Fotyna,06.01
Fotyna,20.03
Fotyna,23.11
Imelda,12.05
Imelda,04.09
Arabella,17.11
Narcyz,02.01
Narcyz,18.03
Narcyz,12.06
Narcyz,17.09
Narcyz,29.10
Narcyz,31.10
Niepełka,04.06
Agrypina,23.06
Laurentyna,17.10
Jordan,13.02
Jordan,14.02
Jordan,15.02
Jordan,06.03
Segolena,24.07
Anita,17.08
Anita,24.08
Anita,06.11
Dargosław,17.09
Dargosław,19.11
Winebald,18.12
Sotera,10.02
Feba,03.09
Gildas,29.01
Tymona,28.07
Marana,03.08
Septymiusz,17.08
Delfin,26.11
Delfin,24.12
Leonid,28.01
Leonid,16.04
Leonid,22.04
Januaria,02.03
Januaria,17.07
Adamnan,23.09
Mamelta,17.10
Dobrzegniew,20.01
Notker,06.04
Jadwiga,14.04
Jadwiga,17.07
Jadwiga,15.10
Jadwiga,16.10
Strzedziwoj,04.05
Nabor,12.06
Karol Boromeusz,04.11
Prokop,27.02
Prokop,25.03
Prokop,08.07
Prokop,04.08
Bakchus,07.10
Bakchus,15.12
Małowid,19.11
Rozamunda,30.04
Adelina,02.09
Zygfryda,15.02
Zygfryda,22.08
Zygfryda,27.11
Dobromysł,22.01
Wergiliusz,05.03
Wergiliusz,27.11
Bratumił,08.09
Achacjusz,02.01
Achacjusz,27.02
Achacjusz,31.03
Achacjusz,09.04
Achacjusz,28.04
Achacjusz,08.05
Achacjusz,22.06
Achacjusz,28.07
Achacjusz,27.11
Tomira,24.05
Cieszybor,04.12
Sebastian,20.01
Sebastian,30.01
Sebastian,08.02
Sebastian,10.09
Sebastian,16.12
Sebastian,31.12
Wincenta,06.11
Wincenta,26.12
Tychik,29.04
Sulpicja,17.01
Sulpicja,29.01
Cieszygor,03.04
Wigilia,19.04
Wigilia,20.04
Ożanna,27.04
Ożanna,18.06
Ożanna,09.09
Wyszymir,28.08
Edda,16.09
Gerald,13.10
Gerald,05.11
Gerald,05.12
Mroczysław,08.01
Pamfil,16.02
Pamfil,28.04
Pamfil,01.06
Pamfil,07.09
Pamfil,21.09
Prudencjusz,06.04
Ruta,01.09
Bolemira,09.09
Kasper,06.01
Kasper,12.06
Kasper,26.09
Smysława,31.01
Mikołaj,02.02
Mikołaj,12.02
Mikołaj,14.02
Mikołaj,16.02
Mikołaj,21.03
Mikołaj,09.05
Mikołaj,19.05
Mikołaj,02.06
Mikołaj,09.07
Mikołaj,10.09
Mikołaj,29.09
Mikołaj,13.10
Mikołaj,13.11
Mikołaj,14.11
Mikołaj,05.12
Mikołaj,06.12
Tolisław,25.02
Plautylla,12.05
Koryna,14.05
Gundolf,17.06
Gundolf,06.09
Przybysław,27.01
Przybysław,27.12
Nadmir,07.03
Cieszysław,17.03
Cieszysław,01.10
Klaudia,20.03
Klaudia,18.05
Klaudia,07.08
Eupsychia,09.04
Eupsychia,07.09
Rutyliusz,02.08
Nunilona,22.10
Mirokles,03.12
Salomon,08.02
Salomon,13.03
Salomon,02.09
Salomon,28.09
Sewerian,23.01
Sewerian,21.02
Sewerian,09.09
Sewerian,08.11
Ksawery,31.01
Ksawery,03.12
Spycigniew,31.01
Lutmiar,26.02
Aaron,02.04
Aaron,13.05
Aaron,01.07
Aaron,09.10
Sekunda,10.07
Sekunda,17.07
Sekunda,30.07
Himisław,12.07
Domosław,15.01
Fredeswinda,19.10
Ermegarda,24.02
Ermegarda,20.03
Ermegarda,16.07
Ermegarda,04.09
Ermegarda,03.10
Jakub,28.01
Jakub,05.02
Jakub,07.02
Jakub,09.02
Jakub,12.02
Jakub,13.02
Jakub,22.02
Jakub,03.03
Jakub,14.03
Jakub,03.04
Jakub,17.04
Jakub,27.04
Jakub,29.04
Jakub,30.04
Jakub,01.05
Jakub,06.05
Jakub,01.06
Jakub,05.06
Jakub,08.06
Jakub,05.07
Jakub,14.07
Jakub,25.07
Jakub,06.08
Jakub,23.08
Jakub,02.09
Jakub,09.09
Jakub,21.10
Jakub,01.11
Jakub,19.11
Jakub,27.11
Jakub,28.11
Siemirad,01.02
Siemirad,07.12
Zygbert,01.02
Zygbert,11.07
Zygbert,27.09
Malkolm,28.03
Teonilla,23.08
Danuta,03.01
Danuta,16.02
Danuta,24.06
Danuta,01.10
Zachary,15.03
Zachary,22.03
Zachary,06.04
Zachary,26.05
Zachary,06.09
Karina,02.08
Karina,07.11
Alwar,19.02
Ifigenia,09.07
Ifigenia,21.09
Gustaw,02.08
Gustaw,27.11
Hiltruda,27.09
Wilehad,08.11
Amonaria,12.12
Pękosław,19.05
Pękosław,04.08
Fortunata,14.10
Fortunata,20.11
Amparo,30.10
Syrycjusz,26.11
Bożeciech,21.09
Witalian,27.01
Adamina,16.05
Adamina,24.12
Bogna,20.06
Bogna,23.07
Stosław,20.07
Stosław,20.08
Stosław,27.08
Sirosław,03.10
Hildemar,08.12
Delfina,09.12
Abel,02.01
Abel,15.04
Abel,05.08
Merkuria,12.12
Hermina,25.08
Hermina,24.12
Częstobrona,03.10
Modest,05.02
Modest,12.02
Modest,14.02
Modest,24.02
Modest,25.02
Modest,15.04
Modest,20.07
Modest,17.12
Mirogniew,24.01
Mirogniew,08.02
Mirogniew,30.05
Walter,08.04
Walter,09.04
Walter,02.05
Walter,05.06
Walter,29.11
Eunomia,12.08
Sator,01.09
Marlena,12.09
Marlena,23.10
Marcjan,10.01
Marcjan,16.02
Marcjan,22.05
Marcjan,14.06
Marcjan,17.06
Marcjan,09.08
Marcjan,26.10
Marcjan,02.11
Sylwin,17.02
Sylwin,12.09
Sylwin,28.09
Sydonia,06.06
Sydonia,23.06
Sydonia,23.08
Budziboj,05.09
Chwalimira,09.12
Temistokles,21.12
Bogusława,13.01
Bogusława,22.03
Bogusława,18.04
Strzeżysław,02.01
Strzeżysław,15.05
Bolemir,06.01
Bolemir,06.09
Bolemir,09.09
Pryska,18.01
Gaudencjusz,22.01
Gaudencjusz,19.06
Gaudencjusz,25.08
Gaudencjusz,14.10
Miron,08.08
Miron,17.08
Miron,30.08
Areta,24.10
Polidor,10.12
Marcelin,02.01
Marcelin,09.01
Marcelin,06.04
Marcelin,26.04
Marcelin,02.06
Marcelin,14.07
Marcelin,09.08
Marcelin,27.08
Barbacjan,31.12
Tacjana,12.01
Tacjana,25.01
Korneli,02.02
Korneli,09.07
Korneli,16.09
Antonia,28.02
Antonia,29.02
Antonia,01.03
Antonia,29.04
Antonia,04.05
Antonia,17.05
Gosław,18.04
Gosław,01.12
Gosław,27.12
Gosław,29.12
Trzebiemysł,16.05
Reginbald,13.10
Amelia,05.01
Amelia,30.03
Amelia,10.07
Amelia,07.10
Arian,08.03
Marisa,22.07
Otmar,09.09
Otmar,16.11
Teofilakt,07.03
Romulus,17.02
Romulus,24.03
Krzysztof,02.03
Krzysztof,05.03
Krzysztof,15.03
Krzysztof,14.04
Krzysztof,21.05
Krzysztof,25.07
Krzysztof,20.08
Krzysztof,23.09
Krzysztof,31.10
Kalina,11.07
Oswalda,05.08
Oswalda,22.08
Roch,16.08
Roch,17.11
Naczęsław,11.09
Telesfora,02.01
Ekspedyta,19.04
Ekspedyta,20.04
Stojsław,22.07
Stojsław,27.07
Ingeborga,30.07
Ingeborga,30.08
Celina,21.10
Celina,15.12
Wirydiana,01.02
Wirydiana,16.02
Eubul,07.03
Eutychiusz,14.03
Eutychiusz,26.03
Eutychiusz,23.05
Eutychiusz,02.07
Eutychiusz,24.08
Eutychiusz,19.09
Eutychiusz,05.10
Zdziemir,04.04
Chwalibog,24.01
Laura,22.01
Laura,17.06
Laura,18.08
Laura,19.10
Naczęmir,09.12
Leokrycja,15.03
Brendan,16.05
Rudolfina,21.06
Rudolfina,25.07
Rudolfina,01.08
Rudolfina,17.10
Rudolfina,01.12
Serapia,29.07
Serapia,03.09
Dobiemiest,26.11
Teofan,02.02
Teofan,12.03
Teofan,04.12
Teofan,27.12
Jarosława,21.01
Dorota,06.02
Dorota,25.06
Dorota,07.08
Dorota,05.09
Dalmacjusz,15.02
Dalmacjusz,03.08
Dalmacjusz,26.09
Dalmacjusz,05.12
Adam,25.02
Adam,06.04
Adam,16.05
Adam,31.07
Adam,08.09
Adam,24.12
Aleksandra,20.03
Aleksandra,21.04
Aleksandra,18.05
Aleksandra,02.10
Myślimir,14.04
Myślimir,29.04
Alipiusz,15.08
Alipiusz,26.11
Edward,05.01
Edward,18.03
Edward,13.10
Chryzogon,24.11
Bronisąd,20.05
Świętożyźń,12.07
Sławosz,23.07
Bożena,13.03
Bożena,20.06
Ansbert,09.02
Amos,31.03
Izydora,17.04
Izydora,01.05
Dionizjusz,19.04
Dionizjusz,20.04
Dionizjusz,09.10
Dionizjusz,10.10
Adelard,02.01
Cirzpibog,29.07
Wiara,01.08
Wiara,06.10
Agapita,18.08
Melisa,21.09
Hermenegild,13.04
Hygin,11.01
Roselina,17.01
Rozalia,27.01
Rozalia,07.02
Rozalia,04.09
Tolisława,25.02
Tolisława,25.06
Radomił,11.06
Radomił,17.06
Ermenfryd,25.09
Miecisław,01.01
Walery,28.01
Walery,19.02
Walery,20.02
Walery,14.06
Walery,27.11
Maciej,30.01
Maciej,24.02
Maciej,14.05
Maciej,03.06
Maciej,11.11
Matrona,15.03
Matrona,20.03
Matrona,18.05
Eustacjusz,29.03
Eustacjusz,16.07
Ludmiła,07.05
Ludmiła,16.09
Osmund,04.12
Łukasz,23.01
Łukasz,17.02
Łukasz,02.03
Łukasz,22.04
Łukasz,12.08
Łukasz,10.09
Łukasz,18.10
Łukasz,31.10
Celeryn,03.02
Licyniusz,13.02
Licyniusz,07.08
Licyniusz,01.11
Jarmil,02.06
Taida,08.10
Potapiusz,08.12
Czasława,12.01
Rymwid,20.05
Beda,25.05
Natan,12.07
Świetlana,11.03
Świetlana,30.08
Zacheusz,10.07
Zacheusz,23.08
Zacheusz,17.11
Nonna,05.08
Sabin,09.02
Sabin,13.03
Sabin,11.07
Sabin,20.08
Sabin,07.12
Sabin,11.12
Ksenia,24.01
Ksenia,16.04
Leander,27.01
Leander,27.02
August,28.02
August,29.02
August,22.03
August,08.04
August,07.05
August,01.09
August,07.10
Dziebor,17.09
Wielebor,27.10
Rafał,24.01
Rafał,20.03
Rafał,20.06
Rafał,29.09
Rafał,24.10
Rafał,20.11
Rafał,02.12
Argymir,28.06
Ursycyn,14.08
Ursycyn,02.10
Ursycyn,20.12
Joachima,28.08
Matea,20.09
Borzywoj,05.04
Trzebiesław,13.03
Stella,11.05
Stella,14.07
Stella,04.09
Radegunda,13.08
Mederyka,29.08
Euchariusz,20.02
Euchariusz,08.12
Aleksander,15.01
Aleksander,30.01
Aleksander,18.02
Aleksander,26.02
Aleksander,27.02
Aleksander,10.03
Aleksander,18.03
Aleksander,20.03
Aleksander,24.03
Aleksander,27.03
Aleksander,28.03
Aleksander,24.04
Aleksander,03.05
Aleksander,20.05
Aleksander,29.05
Aleksander,06.06
Aleksander,09.07
Aleksander,10.07
Aleksander,01.08
Aleksander,11.08
Aleksander,26.08
Aleksander,28.08
Aleksander,02.09
Aleksander,13.09
Aleksander,21.09
Aleksander,11.10
Aleksander,09.11
Aleksander,24.11
Aleksander,01.12
Aleksander,12.12
Bonfiliusz,12.02
Bonfiliusz,17.02
Heliodora,04.09
Szymon,05.01
Szymon,06.02
Szymon,16.02
Szymon,08.03
Szymon,24.03
Szymon,16.05
Szymon,01.07
Szymon,18.07
Szymon,03.09
Szymon,14.09
Szymon,28.10
Szymon,03.11
Anna,10.01
Anna,27.02
Anna,07.06
Anna,09.06
Anna,23.06
Anna,15.07
Anna,26.07
Anna,01.09
Haralampiusz,18.02
Kalistrat,26.09
Kalistrat,10.10
Ewa,12.02
Ewa,14.03
Ewa,24.12
Epifaniusz,21.01
Epifaniusz,07.04
Epifaniusz,12.05
Pelagia,09.02
Pelagia,23.03
Pelagia,04.05
Pelagia,09.06
Pelagia,26.06
Pelagia,11.07
Pelagia,08.10
Pelagia,19.10
Pelagia,21.10
Fawila,14.03
Zygmunta,02.05
Zygmunta,17.09
Febronia,25.06
Miriam,15.08
Sozont,07.09
Anter,03.01
Wilibrord,07.11
Zenobiusz,20.02
Zenobiusz,25.05
Zenobiusz,29.10
Zenobiusz,24.12
Abundancjusz,16.09
Sęczygniew,30.10
Winibald,18.12
Natalis,27.01
Natalis,21.02
Natalis,16.03
Natalis,13.05
Natalis,03.09
Kewin,03.06
Liberat,17.08
Liberat,06.09
Liberat,30.10
Liberat,20.12
Łucjusz,08.02
Łucjusz,11.02
Łucjusz,18.02
Łucjusz,24.02
Łucjusz,04.03
Łucjusz,22.04
Łucjusz,23.05
Łucjusz,28.05
Łucjusz,20.08
Łucjusz,10.09
Łucjusz,19.10
Łucjusz,03.12
Laurencja,02.04
Laurencja,08.10
Wiron,08.05
Nemezjusz,18.07
Nemezjusz,01.08
Nemezjusz,19.12
Marcela,31.01
Marcela,28.06
Mojmir,10.01
Mojmir,03.09
Żeligniew,26.01
Żelisław,29.01
Żelisław,21.04
Żelisław,23.07
Żelisław,23.08
Olgierd,11.02
Olgierd,04.11
Nemezja,18.12
Walenty,01.01
Walenty,07.01
Walenty,14.02
Walenty,16.03
Walenty,02.05
Walenty,16.07
Walenty,26.07
Walenty,02.09
Walenty,16.10
Walenty,29.10
Walenty,03.11
Walenty,06.11
Walenty,13.11
Walenty,24.11
Walenty,02.12
Walenty,11.12
Walenty,13.12
Walenty,16.12
Wolebor,13.08
Emiliana,05.01
Odon,11.01
Odon,19.06
Odon,18.11
Krescencjusz,19.04
Krescencjusz,20.04
Krescencjusz,18.07
Krescencjusz,04.08
Krescencjusz,29.08
Krescencjusz,01.10
Krescencjusz,29.12
Firmus,01.06
Blandyna,02.06
Blandyna,05.11
Symforoza,18.07
Lilia,11.08
Majnard,14.08
Majnard,26.09
Cyryna,03.01
Cyryna,10.05
Cyryna,12.06
Cyryna,25.10
Iryda,05.05
Iwon,19.05
Serwul,23.12
Gotard,04.05
Gotard,05.05
Gotard,06.07
Polichroniusz,17.02
Polichroniusz,06.12
Mamertyna,30.03
Chociemir,05.05
Chociemir,13.06
Sylweriusz,20.06
Sylweriusz,02.12
Wilibald,07.07
Wilibald,18.12
Albina,16.12
Hortensjusz,11.01
Dalebor,29.06
Gerbert,13.10
Atenodor,07.12
Miłogost,08.03
Lea,22.03
Klarencjusz,26.04
Emmeran,22.09
Suliwuj,12.12
Lotar,27.01
Lotar,15.06
Karp,13.04
Karp,26.05
Karp,04.06
Karp,13.10
Bartosz,21.04
Bartosz,24.08
Bartosz,03.09
Bartosz,12.12
Twardostoj,10.10
Cyprian,10.03
Cyprian,16.09
Cyprian,26.09
Cyprian,03.10
Tadea,11.05
Tadea,12.06
Tadea,25.10
Tadea,30.11
Tadea,29.12
Nadzieja,15.05
Nadzieja,01.08
Nadzieja,30.09
Alwin,26.05
Atanazy,02.05
Atanazy,15.05
Atanazy,23.06
Atanazy,04.07
Atanazy,05.07
Atanazy,15.07
Sabina,18.04
Sabina,29.08
Sabina,27.10
Sabina,05.12
Grimbald,29.09
Palemona,11.01
Kordula,22.10
Nieznamir,25.07
Marcjalis,16.04
Marcjalis,30.06
Marcjalis,13.10
Arystokles,23.06
Rufina,10.07
Rufina,19.07
Domarad,16.08
Tworzymir,26.03
Ścibor,09.11
Ścibor,14.11
Aleksja,17.02
Aleksja,17.07
Aleksja,06.09
Walburga,25.02
Walburga,06.08
Emilian,29.04
Emilian,18.07
Emilian,31.07
Emilian,08.08
Emilian,11.09
Emilian,11.10
Emilian,12.11
Emilian,06.12
Epimach,10.05
Epimach,12.12
Fraternus,29.09
Nikazjusz,14.12
Olimpia,28.01
Olimpia,15.04
Olimpia,25.07
Paschalis,11.02
Paschalis,17.05
Etelwold,12.02
Etelwold,01.08
Sylwia,11.03
Sylwia,09.07
Sylwia,03.11
Anizja,30.12
Laurencjusz,08.01
Laurencjusz,02.02
Laurencjusz,03.06
Laurencjusz,21.07
Laurencjusz,10.08
Laurencjusz,16.08
Laurencjusz,22.08
Laurencjusz,28.09
Brygida,01.02
Brygida,23.07
Brygida,23.08
Brygida,08.10
Herybert,16.03
Leopold,02.04
Leopold,30.07
Leopold,15.11
Bazylisa,15.04
Bazylisa,03.09
Serwacy,13.05
Jakert,15.09
Mojsław,01.01
Mamertyn,30.03
Pompejusz,10.04
Pompejusz,07.07
Pompejusz,14.12
Wisław,07.06
Wisław,15.06
Otokar,26.02
Otokar,09.05
Juwencja,08.02
Juwencja,01.06
Dawid,01.03
Dawid,20.05
Dawid,24.05
Dawid,26.06
Dawid,14.07
Dawid,15.07
Dawid,29.12
Maksymilian,12.03
Maksymilian,14.08
Maksymilian,21.08
Maksymilian,26.08
Maksymilian,12.10
Maksymilian,29.10
Krystian,18.03
Krystian,07.04
Krystian,04.12
Krystian,20.12
Paulina,26.05
Paulina,06.06
Paulina,22.06
Paulina,21.08
Paulina,10.10
Paulina,02.12
Paulina,31.12
Krzysztofa,25.07
Krzysztofa,31.10
Zenobia,30.10
Sara,19.01
Sara,13.07
Sara,09.10
Sara,27.12
Maksymina,29.05
Maksymina,08.06
Maksymina,15.12
Sperat,17.07
Akwila,23.01
Akwila,08.07
Cedmon,11.02
Zbygniew,17.03
Nela,31.03
Nela,18.08
Nela,10.11
Wulstan,19.01
Macieja,28.07
Celzjusz,01.04
Celzjusz,10.05
Celzjusz,28.07
Partenia,07.02
Klet,26.04
Kamila,31.05
Kamila,14.07
Kamila,16.09
Dalegor,22.08
Modesta,04.11
Bibiana,02.12
Ananiasz,25.01
Ananiasz,01.12
Ananiasz,16.12
Hugo,17.02
Hugo,01.04
Hugo,09.04
Hugo,29.04
Hugo,10.08
Hugo,17.11
Trzebisław,13.03
Stanibor,15.05
Emilia,23.05
Emilia,24.06
Emilia,30.06
Emilia,19.08
Emilia,24.08
Emilia,24.11
Erazm,02.06
Erazm,25.11
Jan Kanty,20.10
Menas,11.11
Menas,10.12
Emil,01.02
Emil,22.05
Emil,26.05
Emil,28.05
Emil,18.06
Emil,16.08
Emil,11.10
Emil,16.10
Balbin,21.12
Tyrs,28.01
Afrodyzy,14.03
Afrodyzy,28.04
Afrodyzy,30.04
Platonida,06.04
Szczepan,03.08
Szczepan,26.12
Renat,06.10
Renat,12.11
Remigia,13.01
Remigia,20.07
Remigia,18.10
Akwilin,17.07
Akwilin,19.10
Boromea,04.09
Kryspina,05.12
Dobrawa,15.01
Eustazy,29.03
Eustazy,16.07
Sylas,13.07
Agapiusz,24.03
Agapiusz,29.04
Agapiusz,19.08
Agapiusz,21.08
Agapiusz,10.09
Agapiusz,20.09
Agapiusz,02.11
Agapiusz,20.11
Gerlinda,26.02
Gerlinda,03.12
Arystarch,28.04
Arystarch,04.08
Chwalisława,30.04
Beatrycze,18.01
Beatrycze,13.02
Beatrycze,10.05
Beatrycze,29.07
Beatrycze,29.08
Beatrycze,01.09
Beatrycze,25.11
Erazma,03.09
Arnolf,18.07
Arnolf,15.08
Arnolf,19.09
Dioskur,25.02
Wirzchosława,03.03
Wirzchosława,03.05
Wirzchosława,26.08
Budzisława,20.10
Budzisława,02.12
Gerarda,30.01
Gerarda,04.03
Gerarda,23.04
Gerarda,13.05
Gerarda,06.06
Gerarda,13.06
Gerarda,03.09
Gerarda,24.09
Gerarda,03.10
Gerarda,16.10
Gerarda,29.12
Aurora,20.10
Leoncja,23.08
Leoncja,06.12
Żelimysł,27.04
Eutropiusz,12.01
Eutropiusz,03.03
Eutropiusz,30.04
Eutropiusz,27.05
Eulogia,21.01
Eulogia,05.05
Eulogia,13.09
Witomir,02.05
Rafaela,06.01
Rafaela,20.06
Ademar,24.03
Ademar,11.09
Miłość,01.04
Miłość,15.05
Racigniew,03.07
Racigniew,14.09
Florencja,10.11
Florencja,01.12
Ammoniusz,18.01
Ammoniusz,12.02
Ammoniusz,26.11
Elpidiusz,07.03
Elpidiusz,02.09
Sokrates,19.04
Sokrates,20.04
Sokrates,17.09
Sokrates,20.09
Krzesisława,22.05
Odys,01.01
Sirosława,27.02
Zefiryn,06.04
Zefiryn,20.12
Hanna,26.07
Świętomir,28.07
Jagna,07.08
Ariadna,16.09
Ariadna,18.09
Jodok,13.12
Konrada,14.02
Konrada,19.02
Konrada,21.04
Konrada,01.06
Konrada,01.08
Konrada,07.08
Konrada,04.10
Konrada,26.11
Konrada,12.12
Dagobert,23.12
Wieledrog,24.02
Wyszomir,28.08
Dadzbog,29.09
Aspazja,02.01
Odoryk,14.01
Bernadeta,11.02
Bernadeta,18.02
Bernadeta,16.04
Galfryd,15.02
Galfryd,25.09
Paladiusz,10.04
Malchus,21.10
Laurenty,08.01
Laurenty,02.02
Laurenty,12.02
Laurenty,06.06
Laurenty,21.07
Laurenty,10.08
Laurenty,16.08
Laurenty,14.11
Melaniusz,06.01
Melaniusz,31.01
Melaniusz,22.10
Melaniusz,06.11
Kanut,07.01
Kanut,19.01
Flawiusz,18.02
Flawiusz,18.04
Flawiusz,22.06
Świętosław,02.08
Świętosław,29.08
Świętosław,31.08
Kryspinian,25.10
Jędrzej,06.01
Jędrzej,16.05
Seweryn,08.01
Seweryn,11.02
Seweryn,08.06
Seweryn,02.09
Seweryn,24.09
Seweryn,23.10
Seweryn,01.11
Seweryn,19.11
Adrian,09.01
Adrian,04.03
Adrian,05.03
Adrian,08.07
Adrian,09.07
Adrian,08.09
Nikanor,10.01
Nikanor,05.06
Łucja,19.02
Łucja,25.03
Łucja,25.06
Łucja,06.07
Łucja,09.07
Łucja,16.09
Łucja,26.09
Łucja,16.11
Łucja,13.12
Wolimir,05.03
Wolimir,25.03
Wolimir,15.12
Lidia,27.03
Lidia,03.08
Tyburcy,14.04
Tyburcy,11.08
Stefania,02.01
Stefania,02.09
Stefania,18.09
Ninian,16.09
Tacjusz,22.09
Pius,30.04
Pius,05.05
Pius,11.07
Pius,21.08
Pius,23.09
Zybracht,01.02
Zybracht,11.07
Zybracht,27.09
Gorzysław,09.02
Gorzysław,09.11
Gorzysław,14.12
Tomaida,14.04
Skarbisław,04.06
Radosława,08.09
Radosława,09.09
Tezeusz,11.01
Kazimierz,04.03
Kazimierz,22.03
Kazimierz,12.06
Jowinian,05.05
Hubert,03.11
Agryppa,14.11
Floryn,17.11
Zdzisława,03.01
Probus,15.03
Probus,11.10
Probus,10.11
Probus,13.11
Waldemar,05.05
Waldemar,11.12
Filoteusz,15.09
Filoteusz,05.11
Czcibor,12.11
Ludomiła,20.02
Ludomiła,07.05
Ludomiła,26.10
Publiusz,21.01
Publiusz,19.02
Publiusz,16.04
Publiusz,12.11
Euchary,20.02
Euchary,08.12
Anioł,13.03
Anioł,11.04
Anioł,05.05
Anioł,16.08
Anioł,10.09
Anioł,30.10
Tyburcja,14.04
Tyburcja,11.08
Lucydiusz,26.04
Flora,11.06
Flora,29.07
Flora,29.08
Flora,24.11
Twardomir,24.09
Twardomir,24.11
Poncjan,19.01
Poncjan,13.08
Poncjan,25.08
Poncjan,11.12
Ewodia,25.04
Ewodia,06.05
Ewodia,08.10
Wiwald,01.05
Maryla,27.06
Dobromira,31.03
Wulfram,20.03
Żegota,01.02
Dobrowieść,28.12
Rosława,17.01
Rosława,07.10
Nikifor,09.02
Nikifor,22.02
Tamara,01.05
Tamara,03.06
Karolina,09.05
Karolina,01.07
Karolina,05.07
Karolina,18.07
Karolina,18.11
Onezyfor,06.09
Pryma,03.01
Pryma,09.02
Filibert,20.08
Leonard,04.03
Leonard,30.03
Leonard,15.10
Leonard,06.11
Leonard,18.11
Leonard,26.11
Agatonika,13.04
Dobrogost,14.07
Teotym,05.11
Reginald,09.02
Reginald,17.02
Reginald,09.04
Paweł,10.01
Paweł,15.01
Paweł,19.01
Paweł,25.01
Paweł,01.02
Paweł,06.02
Paweł,08.02
Paweł,12.02
Paweł,13.02
Paweł,02.03
Paweł,07.03
Paweł,17.03
Paweł,22.03
Paweł,17.04
Paweł,28.04
Paweł,15.05
Paweł,01.06
Paweł,07.06
Paweł,26.06
Paweł,28.06
Paweł,29.06
Paweł,20.07
Paweł,25.07
Paweł,20.08
Paweł,20.09
Paweł,19.10
Paweł,08.11
Paweł,19.11
Nostrian,14.02
Będzieciech,22.06
Stojgniew,27.11
Doroteusz,04.01
Doroteusz,28.03
Doroteusz,05.06
Doroteusz,09.08
Doroteusz,09.09
Wolrad,28.05
Franciszek Salezy,24.01
Felina,01.06
Znamir,30.09
Maksymiliana,12.10
Romana,23.02
Romana,03.10
Samuela,20.08
Uniedrog,30.12
Pudencjanna,19.05
Awit,21.01
Awit,05.02
Awit,17.06
Ignacy,03.02
Ignacy,11.05
Ignacy,28.05
Ignacy,15.07
Ignacy,21.07
Ignacy,31.07
Ignacy,22.09
Ignacy,17.10
Ignacy,23.10
Roman,28.02
Roman,29.02
Roman,22.05
Roman,09.08
Roman,01.10
Roman,06.10
Roman,23.10
Roman,18.11
Roman,24.11
Porfirion,10.03
Pękosława,19.05
Teofila,28.12
Angelika,04.01
Angelika,27.01
Angelika,11.03
Angelika,26.05
Angelika,14.07
Angelika,17.08
Angelika,06.12
Januariusz,19.01
Januariusz,19.09
Eberhard,23.03
Eberhard,22.06
Tychon,16.06
Kapitolina,27.10
Maria,01.01
Maria,23.01
Maria,28.01
Maria,02.02
Maria,11.02
Maria,16.02
Maria,25.03
Maria,02.04
Maria,05.04
Maria,07.04
Maria,09.04
Maria,14.04
Maria,18.04
Maria,23.04
Maria,24.04
Maria,28.04
Maria,30.04
Maria,03.05
Maria,09.05
Maria,13.05
Maria,14.05
Maria,24.05
Maria,29.05
Maria,02.06
Maria,06.06
Maria,08.06
Maria,23.06
Maria,27.06
Maria,29.06
Maria,02.07
Maria,05.07
Maria,06.07
Maria,16.07
Maria,29.07
Maria,02.08
Maria,04.08
Maria,05.08
Maria,06.08
Maria,15.08
Maria,17.08
Maria,20.08
Maria,22.08
Maria,26.08
Maria,04.09
Maria,08.09
Maria,12.09
Maria,13.09
Maria,15.09
Maria,19.09
Maria,24.09
Maria,07.10
Maria,10.10
Maria,11.10
Maria,20.10
Maria,01.11
Maria,20.11
Maria,21.11
Maria,25.11
Maria,02.12
Maria,08.12
Maria,10.12
Maria,11.12
Maria,15.12
Maria,16.12
Maria,25.12
Rozalinda,17.01
Ferdynand,30.05
Ferdynand,03.06
Ferdynand,05.06
Ferdynand,19.10
Lucjan,07.01
Lucjan,27.05
Lucjan,13.06
Lucjan,07.07
Lucjan,04.10
Lucjan,26.10
Apoloniusz,08.03
Apoloniusz,10.04
Apoloniusz,18.04
Apoloniusz,21.04
Berta,01.05
Berta,11.05
Berta,04.07
Berta,28.11
Iwo,19.05
Iwo,04.09
Iwo,23.12
Radowit,27.05
Radowit,28.11
Radowit,29.12
Teobalda,30.06
Teobalda,08.07
Celia,27.07
Miłorad,09.08
Dionizy,14.02
Dionizy,26.02
Dionizy,24.03
Dionizy,08.04
Dionizy,19.04
Dionizy,20.04
Dionizy,08.05
Dionizy,25.05
Dionizy,02.09
Dionizy,09.09
Dionizy,20.09
Dionizy,09.10
Dionizy,10.10
Dionizy,16.10
Dionizy,16.11
Dionizy,17.11
Dionizy,19.11
Dionizy,29.11
Dionizy,26.12
Dionizy,30.12
Nikazy,14.12
Helmut,20.09
Baldwin,22.03
Baldwin,21.08
Baldwin,06.10
Pachomiusz,09.05
Pachomiusz,26.11
Febron,25.06
Mirela,27.09
Mirela,07.10
Konradyna,01.11
Kornel,02.02
Kornel,09.07
Kornel,16.09
Wiktorian,12.01
Wiktorian,23.03
Wiktorian,16.05
Wiktorian,10.06
Wiktorian,26.08
Ammonia,18.01
Ammonia,12.02
Ammonia,26.11
Miłosława,02.02
Lilla,30.04
Lilla,27.07
Lilla,09.11
Pudencjana,19.05
Serafina,29.07
Serafina,08.09
Bracsław,09.01
Zyndram,30.05
Drogomir,18.07
Drogomir,09.09
Drogomir,17.11
Drogomir,22.12
Armida,15.08
Szczęsny,17.09
Dymitr,26.10
Bernard,12.01
Bernard,19.01
Bernard,23.01
Bernard,09.02
Bernard,16.02
Bernard,12.03
Bernard,01.06
Bernard,12.06
Bernard,15.06
Bernard,10.08
Bernard,20.08
Bernard,21.08
Bernard,22.08
Bernard,10.09
Bernard,14.09
Bernard,14.10
Bernard,21.10
Bernard,26.10
Bernard,04.12
Eufrazja,18.05
Sadok,02.06
Walentyna,25.07
Walentyna,24.10
Małobąd,01.10
Blanka,07.10
Blanka,01.12
Żelibrat,07.11
Sławomir,17.05
Sławomir,05.11
Sławomir,23.12
Ernestyna,14.04
Ernestyna,22.11
Zygmunt,02.05
Zygmunt,12.06
Zygmunt,17.09
Uniegost,24.09
Witalia,14.10
Zozym,30.03
Zozym,30.11
Zozym,14.12
Zozym,18.12
Zozym,26.12
Filiberta,20.08
Nimfa,10.11
Niedomira,14.02
Albin,01.03
Albin,23.06
Albin,22.07
Albin,22.08
Albin,06.09
Albin,15.09
Pafnucy,21.03
Pafnucy,19.04
Pafnucy,20.04
Pafnucy,11.09
Pafnucy,24.09
Pafnucy,11.11
Pafnucy,29.11
Menander,28.04
Mauryn,10.06
Kiliana,08.07
Sobiesław,20.08
Sobiesław,28.08
Sobiesław,10.09
Sobiesław,01.12
Miłowuj,20.09
Miłosz,25.01
Felicjanna,24.11
Ludwin,29.09
Lucja,25.03
Lucja,06.07
Lucja,09.07
Lucja,26.09
Symplicjusz,10.03
Symplicjusz,10.05
Symplicjusz,15.05
Symplicjusz,24.06
Symplicjusz,29.07
Symplicjusz,16.08
Symplicjusz,26.08
Symplicjusz,08.11
Symplicjusz,20.11
Symplicjusz,18.12
Pola,09.02
Pola,23.09
Manswet,19.02
Manswet,06.09
Manswet,28.11
Eustazja,29.03
Eustazja,16.07
Dina,20.06
Prospera,25.06
Prospera,29.07
Artemia,25.01
Artemia,16.03
Gliceria,13.05
Gliceria,22.10
Lubowid,13.06
Faro,28.10
Ursyn,09.11
Hermana,24.12
Hortensja,11.01
Niegowoj,17.02
Tertuliana,27.04
Tertuliana,04.08
Szczęsna,17.09
Emeryka,04.11
Treweriusz,16.01
Gwido,31.03
Gwido,12.06
Gwido,12.09
Leowigild,20.08
Leonia,10.01
Leonia,03.05
Chryzostom,27.01
Julianna,16.02
Julianna,05.04
Julianna,14.04
Julianna,19.06
Julianna,12.08
Julianna,15.08
Julianna,17.08
Julianna,01.11
Gerazym,05.03
Afrykan,10.04
Antypater,11.04
Wacława,28.09
Wacława,13.10
Atalia,03.12
Idzi,10.01
Idzi,07.02
Idzi,23.04
Idzi,14.05
Idzi,01.09
Eleukadiusz,14.02
Jurand,06.05
Retyk,15.05
Wibert,23.05
Domna,02.06
Domna,28.12
Herweusz,17.06
Litoriusz,13.09
Otto,16.01
Otto,19.06
Otto,01.07
Rosław,17.01
Klemens,23.01
Klemens,17.02
Klemens,15.03
Klemens,20.03
Klemens,10.09
Klemens,20.09
Klemens,23.11
Klemens,04.12
Tymoteusz,24.01
Tymoteusz,26.01
Tymoteusz,28.02
Tymoteusz,06.04
Tymoteusz,03.05
Tymoteusz,21.05
Tymoteusz,10.06
Tymoteusz,22.08
Tymoteusz,19.12
Winand,01.02
Wiktoryn,25.02
Wiktoryn,29.03
Wiktoryn,15.04
Wiktoryn,15.05
Wiktoryn,05.09
Wiktoryn,05.10
Wiktoryn,02.11
Wiktoryn,08.11
Wiktoryn,02.12
Maryn,03.03
Maryn,08.08
Maryn,03.09
Maryn,15.12
Asynkryt,08.04
Odylon,01.01
Dydymus,28.04
Dydymus,11.09
Sulisław,22.01
Sulisław,07.02
Sulisław,02.12
Zybart,01.02
Zybart,11.07
Genadiusz,05.06
Albertyna,15.06
Albertyna,31.08
Odo,04.07
Odo,07.07
Odo,18.11
Bazyliusz,02.01
Kasjusz,15.05
Kasjusz,29.06
Kasjusz,10.10
Idalia,15.11
Unirad,10.12
Roberta,17.04
Roberta,29.04
Roberta,13.05
Roberta,07.06
Roberta,18.07
Dorian,22.01
Dorian,22.05
Teofil,08.01
Teofil,30.01
Teofil,05.03
Teofil,27.04
Teofil,19.05
Teofil,22.07
Teofil,08.09
Teofil,02.10
Teofil,13.10
Teofil,03.11
Teofil,20.12
Switun,02.07
Switun,10.12
Giedymin,23.10
Emeryk,04.11
Medarda,08.06
Blandyn,05.11
Adelajda,30.01
Adelajda,05.02
Adelajda,04.04
Adelajda,15.06
Adelajda,12.12
Adelajda,16.12
Maksym,08.01
Maksym,15.01
Maksym,23.01
Maksym,25.01
Maksym,03.02
Maksym,18.02
Maksym,13.04
Maksym,14.04
Maksym,15.04
Maksym,30.04
Maksym,05.05
Maksym,11.05
Maksym,15.05
Maksym,10.06
Maksym,25.06
Maksym,02.08
Maksym,13.08
Maksym,17.08
Maksym,20.08
Maksym,23.08
Maksym,30.10
Maksym,19.11
Maksym,27.11
Maksym,27.12
Anicet,23.01
Anicet,17.04
Anicet,12.08
Jacenty,10.02
Jacenty,04.07
Jacenty,26.07
Jacenty,17.08
Jacenty,11.09
Lubomir,20.02
Lubomir,21.03
Lubomir,01.05
Lubomir,28.06
Lubomir,31.07
Lubomir,20.11
Norbert,06.06
Albana,21.06
Albana,22.06
Albert,08.01
Albert,18.02
Albert,11.05
Albert,17.06
Albert,07.08
Albert,14.09
Albert,15.11
Albert,21.11
Stanisława,05.05
Stanisława,08.05
Stanisława,13.11
Florianna,02.06
Florianna,09.07
Sędzisław,07.07
Sędzisław,16.09
Benwenut,22.03
Benwenut,05.05
Benwenut,27.06
Drogomysł,17.06
Drogomysł,18.06
Ignacja,06.07
Oktawiusz,20.11
Żyrosław,17.12
Wirgilia,05.03
Wirgilia,27.11
Bogusąd,13.01
Eutymiusz,20.01
Eutymiusz,11.03
Eutymiusz,05.05
Eutymiusz,29.08
Eutymiusz,15.10
Bogdana,06.02
Bogdana,10.08
Bogdana,06.09
Bogdana,06.11
Balbina,11.03
Balbina,31.03
Balbina,02.12
Antioch,21.05
Antioch,15.07
Antioch,15.10
Antioch,13.12
Damroka,30.08
Tyter,16.12
Dobromir,04.01
Owidiusz,03.06
Alfred,04.07
Alfred,14.08
Alfred,19.08
Joel,13.07
Stojsława,22.07
Szmaragd,08.08
Jan,10.01
Jan,12.01
Jan,15.01
Jan,17.01
Jan,19.01
Jan,23.01
Jan,27.01
Jan,31.01
Jan,02.02
Jan,03.02
Jan,04.02
Jan,07.02
Jan,08.02
Jan,12.02
Jan,13.02
Jan,17.02
Jan,18.02
Jan,20.02
Jan,24.02
Jan,05.03
Jan,08.03
Jan,11.03
Jan,19.03
Jan,24.03
Jan,27.03
Jan,28.03
Jan,30.03
Jan,03.04
Jan,13.04
Jan,27.04
Jan,06.05
Jan,07.05
Jan,10.05
Jan,12.05
Jan,13.05
Jan,15.05
Jan,18.05
Jan,19.05
Jan,22.05
Jan,23.05
Jan,24.05
Jan,27.05
Jan,30.05
Jan,03.06
Jan,10.06
Jan,11.06
Jan,12.06
Jan,16.06
Jan,20.06
Jan,22.06
Jan,23.06
Jan,24.06
Jan,26.06
Jan,27.06
Jan,30.06
Jan,08.07
Jan,09.07
Jan,11.07
Jan,21.07
Jan,23.07
Jan,31.07
Jan,04.08
Jan,08.08
Jan,09.08
Jan,13.08
Jan,18.08
Jan,19.08
Jan,22.08
Jan,27.08
Jan,29.08
Jan,30.08
Jan,31.08
Jan,02.09
Jan,03.09
Jan,09.09
Jan,11.09
Jan,14.09
Jan,16.09
Jan,20.09
Jan,23.09
Jan,27.09
Jan,28.09
Jan,01.10
Jan,09.10
Jan,10.10
Jan,19.10
Jan,23.10
Jan,24.10
Jan,01.11
Jan,08.11
Jan,11.11
Jan,12.11
Jan,13.11
Jan,14.11
Jan,17.11
Jan,24.11
Jan,26.11
Jan,01.12
Jan,02.12
Jan,04.12
Jan,05.12
Jan,09.12
Jan,14.12
Jan,15.12
Jan,17.12
Jan,23.12
Jan,27.12
Prymian,23.02
Prymian,31.08
Prymian,29.12
Tomiła,10.10
Warcisław,01.11
Fulgencjusz,01.01
Aelred,12.01
January,19.01
January,08.04
January,04.05
January,10.07
January,06.08
January,28.08
January,19.09
January,13.10
January,24.10
January,25.10
Kaliksta,19.01
Kaliksta,25.04
Bożdar,27.06
Bożdar,02.07
Bożdar,10.08
Bożdar,09.10
Bożdar,08.11
Chryzant,25.10
Tomasz,11.01
Tomasz,28.01
Tomasz,12.02
Tomasz,07.03
Tomasz,01.04
Tomasz,09.04
Tomasz,20.06
Tomasz,22.06
Tomasz,03.07
Tomasz,25.08
Tomasz,06.09
Tomasz,22.09
Tomasz,31.10
Tomasz,18.11
Tomasz,10.12
Tomasz,21.12
Tomasz,29.12
Wunibald,18.12
Alojzy,12.03
Alojzy,11.05
Alojzy,14.06
Alojzy,21.06
Alojzy,24.10
Alojzy,13.11
Alojzy,08.12
Gerwina,03.03
Witosław,04.03
Witosław,15.06
Ozeasz,04.07
Amon,01.09
Amon,08.09
Amon,20.12
Żelibor,29.10
Zdziesława,16.12
Ewarysta,23.12
Barcław,25.01
Auksencjusz,14.02
Auksencjusz,27.02
Auksencjusz,13.12
Auksencjusz,18.12
Perpetuus,08.04
Perpetuus,30.12
Sebald,19.08
Sylwester,02.01
Sylwester,15.04
Sylwester,10.05
Sylwester,09.06
Sylwester,20.11
Sylwester,26.11
Sylwester,31.12
Orion,24.05
Teopista,20.09
Unierad,10.12
Juliana,16.02
Świętomira,11.02
Innocenty,03.03
Innocenty,12.03
Innocenty,09.04
Innocenty,17.04
Innocenty,10.05
Innocenty,22.06
Innocenty,04.07
Innocenty,27.07
Innocenty,12.08
Innocenty,22.09
Amaranta,07.11
Kinga,13.01
Kinga,24.07
Domagniew,06.05
Septym,17.08
Septym,24.10
Franciszka,09.03
Franciszka,25.04
Franciszka,04.11
Franciszka,12.12
Franciszka,22.12
Małomir,11.01
Baldwina,22.03
Baldwina,21.08
Baldwina,06.10
Samosąd,02.04
Wit,15.06
Nasiębor,02.10
Martynian,02.01
Martynian,13.02
Martynian,02.07
Martynian,16.10
Żerosław,17.12
Fidelisa,21.08
Switbert,01.03
Dula,25.03
Dula,15.06
Roger,05.01
Roger,28.01
Roger,15.10
Roger,15.11
Gandolf,03.04
Elfryda,20.05
Elfryda,08.12
Terencja,21.06
Zdziwoj,26.06
Druzjan,24.12
Patrokles,21.01
Patrokles,16.11
Pelagiusz,25.03
Pelagiusz,26.06
Pelagiusz,11.07
Pelagiusz,28.08
Pelagiusz,19.10
Pelagiusz,21.10
Rita,29.04
Gordian,10.05
Gordian,17.09
Wiwina,17.12
Mardoniusz,23.12
Fokas,05.03
Fokas,14.07
Pakosława,15.02
Marut,16.02
Marut,04.12
Nila,20.02
Nila,19.09
Nila,26.09
Nila,12.11
Ingryda,02.09
Hieronim,08.02
Hieronim,03.03
Hieronim,20.07
Hieronim,20.08
Hieronim,30.09
Hieronim,06.11
Hieronim,04.12
Hieronim,11.12
Symeon,16.02
Symeon,18.02
Symeon,23.05
Symeon,26.07
Symeon,03.08
Symeon,08.10
Zachariasz,15.03
Zachariasz,22.03
Zachariasz,06.04
Zachariasz,26.05
Zachariasz,06.09
Zachariasz,18.09
Cyriaka,20.03
Cyriaka,19.05
Cyriaka,15.07
Cyriaka,21.08
Tristan,05.04
Tristan,28.11
Florentyna,20.06
Florentyna,16.10
Apollon,25.01
Apollon,10.02
Apollon,21.04
Apollon,20.10
Onezym,15.02
Onezym,16.02
Wiktor,22.02
Wiktor,25.02
Wiktor,27.02
Wiktor,06.03
Wiktor,02.04
Wiktor,12.04
Wiktor,08.05
Wiktor,14.05
Wiktor,17.05
Wiktor,21.05
Wiktor,28.05
Wiktor,21.07
Wiktor,24.07
Wiktor,28.07
Wiktor,08.08
Wiktor,19.08
Wiktor,23.08
Wiktor,10.09
Wiktor,14.09
Wiktor,16.09
Wiktor,22.09
Wiktor,30.09
Wiktor,17.10
Wiktor,13.11
Wiktor,15.12
Wiktor,29.12
Grażyna,01.04
Grażyna,26.07
Olaf,29.07
Felicysym,06.08
Felicysym,26.10
Berengaria,02.10
Torlak,23.12
Celeryna,03.02
Czcibora,15.05
Sława,06.08
Filadelfia,10.05
Ada,06.04
Ada,24.12
Blanda,10.05
Troadiusz,28.12
Ryszard,07.02
Ryszard,03.04
Ryszard,18.04
Ryszard,26.04
Ryszard,09.06
Ryszard,14.06
Ryszard,09.08
Ryszard,07.09
Lawiniusz,14.04
Alina,16.06
Alina,16.12
Lubomysł,15.07
Nimfodora,10.09
Sulimir,07.02
Sulimir,30.05
Sulimir,30.10
Eliasz,16.02
Eliasz,17.04
Eliasz,05.07
Eliasz,20.07
Eliasz,02.08
Eliasz,20.08
Eliasz,19.09
Renata,28.03
Renata,12.11
Swojsław,30.07
Swojsław,30.08
Wawrzyniec,08.01
Wawrzyniec,02.02
Wawrzyniec,03.02
Wawrzyniec,30.04
Wawrzyniec,03.06
Wawrzyniec,06.06
Wawrzyniec,21.07
Wawrzyniec,10.08
Wawrzyniec,16.08
Wawrzyniec,22.08
Wawrzyniec,05.09
Wawrzyniec,25.09
Wawrzyniec,27.09
Wawrzyniec,28.09
Wawrzyniec,14.11
Sergiusz,24.02
Sergiusz,27.07
Sergiusz,08.09
Sergiusz,09.09
Sergiusz,07.10
Zenaida,05.06
Zenaida,11.10
Biryn,03.12
Franciszka Ksawera,22.12
Sławomira,23.12
Ida,15.01
Ida,13.04
Ida,08.05
Ida,04.09
Ida,29.10
Teodulf,17.02
Teodulf,04.04
Teodulf,02.05
Teodulf,03.05
Teodulf,24.06
Teodulf,12.09
Maja,09.04
Maja,01.05
Maja,12.09
Carmen,16.07
Cherubin,17.09
Teobald,16.02
Teobald,21.05
Teobald,30.06
Teobald,01.07
Teobald,08.07
Teobald,06.11
Gwidon,31.03
Gwidon,12.06
Gwidon,12.09
Ewodiusz,25.04
Ewodiusz,06.05
Ewodiusz,08.10
Przyboj,05.09
Więcemir,19.09
Loreta,10.12
Blizbor,28.01
Blizbor,12.03
Ofelia,03.02
Aulus,20.02
Amalia,24.05
Amalia,28.09
Amalia,07.10
Dalimir,29.10
Wojsława,02.11
Walentyn,01.01
Walentyn,07.01
Walentyn,14.02
Walentyn,16.03
Walentyn,02.05
Walentyn,16.07
Walentyn,26.07
Walentyn,02.09
Walentyn,16.10
Walentyn,29.10
Walentyn,03.11
Walentyn,06.11
Walentyn,13.11
Walentyn,24.11
Walentyn,02.12
Walentyn,11.12
Walentyn,13.12
Walentyn,16.12
Scholastyka,10.02
Uriel,22.01
Apolinary,08.01
Apolinary,08.04
Apolinary,23.07
Apolinary,21.08
Apolinary,23.08
Apolinary,02.09
Apolinary,13.09
Apolinary,05.10
Izbor,05.04
Sławosław,25.07
Sędomir,04.11
Izydor,02.01
Izydor,07.01
Izydor,15.01
Izydor,04.02
Izydor,05.02
Izydor,17.02
Izydor,04.04
Izydor,17.04
Izydor,15.05
Izydor,27.05
Izydor,14.12
Longina,15.03
Longina,24.04
Longina,24.06
Longina,03.07
Longina,07.11
Przeborka,18.06
Amalberga,10.07
Żywia,20.10
Nikola,01.11
Nikola,06.12
Bogurad,24.02
Bogurad,28.02
Bogurad,28.05
Bogudar,27.06
Bogudar,02.07
Bogudar,10.08
Bogudar,09.10
Bogudar,08.11
Konstancjusz,29.01
Konstancjusz,25.02
Konstancjusz,26.08
Konstancjusz,23.09
Konstancjusz,05.10
Konstancjusz,30.11
Konstancjusz,12.12
Miłobąd,02.04
Zoe,02.05
Zoe,05.07
Józefina,08.02
Józefina,12.03
Józefina,22.10
Godfryd,13.01
Godfryd,08.11
Merul,17.01
Irena,08.02
Irena,01.04
Irena,05.04
Irena,05.05
Irena,09.08
Irena,18.09
Irena,20.10
Eksuperiusz,02.05
Eksuperiusz,22.09
Eksuperiusz,28.09
Lutobor,19.07
Sybilla,09.10
Herminia,24.12
Daniel,03.01
Daniel,23.01
Daniel,16.02
Daniel,10.04
Daniel,10.07
Daniel,15.07
Daniel,21.07
Daniel,21.08
Daniel,10.10
Daniel,13.10
Daniel,10.12
Daniel,11.12
Hermiona,04.09
Bogodał,10.12
Sławobor,14.12
Lucjusz,08.02
Lucjusz,11.02
Lucjusz,18.02
Lucjusz,24.02
Lucjusz,04.03
Lucjusz,22.04
Lucjusz,23.05
Lucjusz,28.05
Lucjusz,20.08
Lucjusz,10.09
Lucjusz,19.10
Lucjusz,03.12
Spycimir,26.04
Hadrian,08.07
Hadrian,09.07
Hadrian,26.08
Liceriusz,27.08
Jan Chryzostom,13.09
Dzierżysław,24.03
Dzierżysław,16.07
Dzierżysław,01.09
Heliodor,09.04
Heliodor,03.07
Heliodor,21.11
Heliodor,06.12
Teodora,11.02
Teodora,17.04
Teodora,28.04
Teodora,04.05
Teodora,12.05
Teodora,11.09
Teodora,17.09
Teodora,28.11
Marcin,30.01
Marcin,02.02
Marcin,18.02
Marcin,13.04
Marcin,27.04
Marcin,01.07
Marcin,19.07
Marcin,08.10
Marcin,12.10
Marcin,24.10
Marcin,03.11
Marcin,08.11
Marcin,11.11
Marcin,07.12
Marcin,29.12
Sobiebor,09.09
Wirginia,07.01
Wirginia,15.02
Wirginia,07.05
Wirginia,05.08
Filipa,16.02
Filipa,23.08
Filipa,20.09
Filipa,15.10
Eustachy,04.02
Eustachy,20.02
Eustachy,29.03
Eustachy,20.09
Eustachy,03.10
Eustachy,12.10
Eustachy,20.11
Eustachy,28.11
Antonin,14.02
Antonin,10.05
Antonin,07.07
Antonin,29.07
Antonin,01.08
Antonin,02.09
Antonin,25.10
Antonin,31.10
Antonin,13.11
Niedamir,14.02
Niedamir,16.11
Nereusz,12.05
Nereusz,16.10
Bernarda,19.05
Uniemysł,03.02
Sylwina,17.02
Sylwina,12.09
Sylwina,28.09
Afrodyzjusz,14.03
Afrodyzjusz,28.04
Afrodyzjusz,30.04
Natanael,24.08
Jowita,15.02
Filemona,08.03
Filemona,21.03
Filemona,22.11
Janisław,24.06
Bądzsław,12.08
Cieszymir,24.08
Domaczaja,11.10
Błażej,03.02
Błażej,29.11
Datyw,27.01
Datyw,12.02
Datyw,10.09
Gabriel,10.02
Gabriel,27.02
Gabriel,16.03
Gabriel,24.03
Gabriel,29.09
Gabriel,12.11
Melecjusz,12.02
Melecjusz,01.09
Melecjusz,21.09
Melecjusz,04.12
Flawia,18.02
Flawia,07.05
Flawia,12.05
Flawia,23.08
Flawia,05.10
Tertulian,27.04
Tertulian,04.08
Fidol,16.05
Eunika,01.06
Mariusz,19.01
Mariusz,04.02
Mariusz,09.02
Mariusz,26.04
Mariusz,25.05
Mariusz,31.12
Liliana,14.02
Liliana,04.09
Leopolda,02.04
Nastazja,23.04
Nastazja,17.08
Nowellon,27.07
Benicjusz,22.08
Asklepiades,18.10
Anastazy,11.01
Anastazy,22.01
Anastazy,17.02
Anastazy,21.04
Anastazy,27.04
Anastazy,20.05
Anastazy,30.05
Anastazy,11.06
Anastazy,14.06
Anastazy,17.08
Anastazy,21.08
Anastazy,05.12
Anastazy,19.12
Anastazy,21.12
Hiacynt,16.03
Hiacynt,04.07
Hiacynt,26.07
Hiacynt,17.08
Hiacynt,11.09
Dominika,09.04
Dominika,14.05
Dominika,06.06
Dominika,06.07
Bogdała,07.05
Juliusz,19.01
Juliusz,12.04
Juliusz,19.08
Juliusz,05.12
Nawoj,11.03
Fenenna,14.05
Domasława,07.09
Patapiusz,08.12
Benedykt,12.01
Benedykt,11.02
Benedykt,12.02
Benedykt,17.02
Benedykt,11.03
Benedykt,23.03
Benedykt,27.03
Benedykt,03.04
Benedykt,04.04
Benedykt,16.04
Benedykt,30.04
Benedykt,08.05
Benedykt,11.05
Benedykt,07.07
Benedykt,11.07
Benedykt,13.07
Benedykt,16.07
Benedykt,21.07
Benedykt,13.11
Salwator,18.03
Salwator,17.04
Salwator,22.11
Cyrus,31.01
Cyrus,12.09
Maron,14.02
Maron,15.04
Zbysław,23.03
Zbysław,17.11
Krzesisław,28.03
Krzesisław,11.09
Horacjusz,24.04
Dagmara,24.05
Dagmara,12.12
Dagmara,20.12
Flawiana,20.07
Flawiana,05.10
Helga,14.01
Bożeciecha,14.03
Chryzanta,25.10
Miłowit,06.01
Bronimir,20.05
Syzyniusz,11.05
Syzyniusz,29.05
Syzyniusz,23.11
Syzyniusz,29.11
Henryka,21.02
Bertold,29.03
Bertold,27.07
Bertold,14.12
Felin,01.06
Nikodem,01.06
Nikodem,03.08
Nikodem,31.08
Nikodem,15.09
Lutfryd,21.06
Plutarch,28.06
Albwin,05.02
Lutomysł,25.03
Jolanta,15.06
Akcjusz,01.08
Inez,21.01
Falibor,08.07
Andromeda,07.08
Izajasz,08.02
Izajasz,16.02
Samuel,16.02
Samuel,03.03
Samuel,10.05
Samuel,20.08
Samuel,10.10
Samuel,21.10
Ernesta,31.07
Grzymisława,24.12
Egwin,30.12
Benedykta,04.01
Benedykta,21.03
Benedykta,06.05
Benedykta,29.06
Nadbor,28.02
Rycheza,21.05
Castiel,18.09
Wenerand,18.01
Wenerand,25.05
Nazariusz,10.05
Nazariusz,12.06
Nazariusz,28.07
Antuza,27.07
Afra,05.08
Poliksena,23.09
Marwald,22.02
Ulryka,08.05
Aneta,16.06
Aneta,17.07
Aneta,24.10
Aneta,09.12
Oktawian,22.03
Oktawian,23.03
Oktawian,06.08
Oktawian,02.09
Herakliusz,17.05
Herakliusz,08.06
Gościsława,15.10
Małgorzata,12.01
Małgorzata,18.01
Małgorzata,22.02
Małgorzata,25.03
Małgorzata,10.04
Małgorzata,13.04
Małgorzata,27.05
Małgorzata,10.06
Małgorzata,13.07
Małgorzata,20.07
Małgorzata,20.08
Małgorzata,27.08
Małgorzata,30.08
Małgorzata,14.10
Małgorzata,16.10
Małgorzata,17.10
Małgorzata,02.11
Małgorzata,16.11
Małgorzata,27.11
Małgorzata,30.12
Bonitus,12.01
Onufry,23.01
Onufry,10.06
Onufry,12.06
Herkulan,01.03
Herkulan,28.05
Herkulan,12.08
Herkulan,05.09
Herkulan,25.09
Herkulan,07.11
Tomisław,01.04
Tomisław,21.12
Ryszarda,18.09
Melchior,06.01
Melchior,28.07
Melchior,07.09
Melchior,07.11
Eksuperancjusz,30.05
Eksuperancjusz,30.12
Ampeliusz,08.02
Ampeliusz,12.02
Ampeliusz,14.05
Ampeliusz,20.11
Hermogenes,17.02
Hermogenes,25.04
Hermogenes,10.12
Teotyk,08.03
Wszegniew,14.04
Wszegniew,15.04
Bronisław,30.01
Bronisław,18.08
Bronisław,01.09
Bronisław,03.09
Bronisław,06.10
Kandyd,09.03
Kandyd,11.03
Kandyd,22.09
Ubald,09.04
Ubald,16.05
Ursus,13.04
Ursus,30.07
Ursus,30.09
Ardalion,14.04
Filona,25.04
Lubomira,23.08
Makrobiusz,13.09
Weridiana,01.02
Rodomił,05.02
Faust,15.02
Faust,16.07
Faust,06.09
Faust,04.10
Faust,13.10
Faust,19.11
Faust,26.11
Arseniusz,08.05
Arseniusz,19.07
Arseniusz,14.12
Fabia,31.07
Leon,26.01
Leon,06.02
Leon,20.02
Leon,01.03
Leon,14.03
Leon,11.04
Leon,19.04
Leon,20.04
Leon,22.04
Leon,25.05
Leon,12.06
Leon,28.06
Leon,30.06
Leon,03.07
Leon,12.07
Leon,17.07
Leon,20.07
Leon,10.09
Leon,10.10
Leon,10.11
Juda Tadeusz,28.10
Markusław,25.04
Andrzej,06.01
Andrzej,19.01
Andrzej,26.01
Andrzej,01.02
Andrzej,02.02
Andrzej,04.02
Andrzej,15.02
Andrzej,18.02
Andrzej,12.04
Andrzej,27.04
Andrzej,13.05
Andrzej,15.05
Andrzej,16.05
Andrzej,17.05
Andrzej,29.05
Andrzej,30.05
Andrzej,03.06
Andrzej,26.06
Andrzej,04.07
Andrzej,12.07
Andrzej,13.07
Andrzej,16.07
Andrzej,17.07
Andrzej,21.07
Andrzej,04.08
Andrzej,19.08
Andrzej,21.08
Andrzej,29.08
Andrzej,20.09
Andrzej,23.09
Andrzej,17.10
Andrzej,20.10
Andrzej,01.11
Andrzej,10.11
Andrzej,24.11
Andrzej,28.11
Andrzej,30.11
Andrzej,10.12
Epifani,21.01
Agrykola,17.03
Agrykola,04.11
Agrykola,16.12
Celestyn,19.05
Celestyn,27.07
Wilburga,11.12
Odyseusz,01.01
Wadim,09.04
Waleriusz,16.01
Waleriusz,28.01
Waleriusz,29.01
Abraham,14.02
Abraham,16.03
Abraham,15.06
Abraham,09.10
Abraham,06.12
Abraham,19.12
Just,25.02
Just,28.05
Just,21.07
Just,06.08
Just,14.10
Just,18.10
Just,10.11
Prosper,02.03
Prosper,25.06
Prosper,29.07
Petronela,01.05
Petronela,31.05
Metoda,07.07
Arystydes,31.08
Gotfryd,13.01
Gotfryd,08.11
Milawia,17.10
Przemysł,13.04
Przemysł,04.09
Przemysł,29.11
Magda,25.05
Lesław,28.11
Franciszek Ksawery,31.01
Franciszek Ksawery,03.12
Symforian,22.08
Symforian,08.11
Przybysława,12.12
Geroncjusz,19.01
Geroncjusz,05.05
Geroncjusz,09.05
Telimena,03.02
Telimena,05.07
Telimena,11.08
Agata,05.02
Agata,14.11
Hilarion,12.02
Hilarion,12.07
Hilarion,21.10
Epafras,19.07
Zbylut,02.12
Piotr,03.01
Piotr,05.01
Piotr,09.01
Piotr,10.01
Piotr,14.01
Piotr,16.01
Piotr,18.01
Piotr,28.01
Piotr,31.01
Piotr,02.02
Piotr,08.02
Piotr,16.02
Piotr,17.02
Piotr,21.02
Piotr,22.02
Piotr,23.02
Piotr,24.02
Piotr,02.03
Piotr,10.03
Piotr,12.03
Piotr,14.03
Piotr,30.03
Piotr,06.04
Piotr,09.04
Piotr,15.04
Piotr,26.04
Piotr,27.04
Piotr,28.04
Piotr,29.04
Piotr,30.04
Piotr,03.05
Piotr,07.05
Piotr,08.05
Piotr,13.05
Piotr,15.05
Piotr,19.05
Piotr,22.05
Piotr,02.06
Piotr,03.06
Piotr,07.06
Piotr,23.06
Piotr,29.06
Piotr,02.07
Piotr,04.07
Piotr,06.07
Piotr,07.07
Piotr,08.07
Piotr,12.07
Piotr,25.07
Piotr,30.07
Piotr,02.08
Piotr,03.08
Piotr,06.08
Piotr,11.08
Piotr,18.08
Piotr,27.08
Piotr,29.08
Piotr,30.08
Piotr,02.09
Piotr,09.09
Piotr,10.09
Piotr,12.09
Piotr,17.09
Piotr,23.09
Piotr,25.09
Piotr,04.10
Piotr,18.10
Piotr,19.10
Piotr,21.10
Piotr,03.11
Piotr,16.11
Piotr,21.11
Piotr,24.11
Piotr,26.11
Piotr,28.11
Piotr,04.12
Piotr,06.12
Piotr,09.12
Piotr,21.12
Piotr,25.12
Gemma,11.04
Gemma,20.06
Bożydar,09.05
Bożydar,27.06
Bożydar,02.07
Bożydar,10.08
Bożydar,09.10
Bożydar,08.11
Dobrowoja,14.08
Rościsława,07.10
Cyryl,09.02
Cyryl,14.02
Cyryl,06.03
Cyryl,18.03
Cyryl,29.03
Cyryl,27.06
Cyryl,09.07
Cyryl,22.07
Cyryl,08.08
Cyryl,28.10
Zbywoj,24.04
Bruno,17.05
Bruno,12.07
Bruno,18.07
Bruno,06.10
Bruno,15.10
Kancjusz,31.05
Bogufała,23.09
Cyrenia,01.11
Honorata,11.01
Honorata,22.12
Edburga,15.06
Edburga,20.06
Edburga,26.06
Edburga,12.12
Edburga,13.12
Romeusz,07.02
Romeusz,25.02
Damian,12.02
Damian,23.02
Damian,12.04
Damian,04.05
Damian,14.07
Damian,26.09
Damian,26.10
Damian,14.11
Jaczemir,02.06
Materna,02.06
Janina,12.06
Janina,24.06
Janina,12.07
Lilioza,27.07
Jan Chrzciciel,21.01
Jan Chrzciciel,14.02
Jan Chrzciciel,07.04
Jan Chrzciciel,20.06
Jan Chrzciciel,24.06
Jan Chrzciciel,29.08
Adelinda,28.08
Oda,27.11
Wyszesława,11.07
Namysław,22.08
Fausta,20.09
Adalbert,23.04
Adalbert,11.05
Adalbert,20.06
Auksenty,14.02
Auksenty,27.02
Auksenty,13.12
Auksenty,18.12
Patrycy,16.03
Patrycy,17.03
Patrycy,28.04
Patrycy,04.07
Patrycy,24.08
Dobromier,30.03
Galezy,18.11
Tygriusz,12.01
Edmunda,07.08
Świedarg,28.01
Świedarg,08.12
Izaura,17.06
Wedast,06.02
Heloiza,11.02
Heloiza,15.03
Heloiza,09.07
Wacław,05.03
Wacław,04.04
Wacław,28.09
Wacław,13.10
Walbert,02.05
Walbert,11.05
Kancjanela,31.05
Melchiades,11.01
Melchiades,10.12
Sabrina,29.01
Placyda,04.03
Placyda,15.06
Diogenes,06.04
Kalikst,16.04
Kalikst,14.08
Kalikst,14.10
Kalikst,13.11
Furzeusz,16.01
Przecława,21.05
Przedbor,27.09
Sierosława,27.02
Tadeusz,11.05
Tadeusz,25.10
Tadeusz,28.10
Jarogniewa,12.06
Iga,11.05
Iga,14.07
Iga,31.07
Iga,16.10
Meinrad,21.01
Dobiesława,14.02
Dobiesława,13.05
Agapit,18.02
Agapit,16.03
Agapit,22.04
Agapit,18.08
Eutropia,15.06
Eutropia,15.09
Eutropia,30.10
Eutropia,14.12
Hermes,28.08
Dalwin,04.10
Amfiloch,23.11
Krystyna,18.01
Krystyna,13.02
Krystyna,14.02
Krystyna,13.03
Krystyna,24.07
Krystyna,06.11
Krystyna,05.12
Ludomira,21.03
Ludomira,07.05
Gebhard,27.08
Manea,27.08
Godzisława,24.12
Symplicy,10.03
Symplicy,10.05
Symplicy,24.06
Symplicy,29.07
Symplicy,16.08
Symplicy,26.08
Symplicy,08.11
Symplicy,20.11
Marianna,17.02
Marianna,02.06
Marianna,08.09
Antonina,25.02
Antonina,03.05
Antonina,04.05
Antonina,10.05
Antonina,12.06
Falimir,17.05
Sylwiusz,31.05
Sylwiusz,08.08
Gunter,08.10
Gunter,09.10
Gunter,28.11
Germanik,19.01
Elizeusz,14.06
Pelin,05.12
Gajusz,28.02
Gajusz,10.03
Gajusz,22.04
Gajusz,27.09
Gajusz,14.10
Bonifacy,19.02
Bonifacy,08.05
Bonifacy,14.05
Bonifacy,05.06
Bonifacy,19.06
Bonifacy,12.07
Bonifacy,17.08
Bonifacy,28.08
Bonifacy,04.09
Bonifacy,06.12
Wyszeniega,21.02
Wyszeniega,04.04
Agnellus,14.12
Enoch,03.01
Kasandra,22.01
Samanta,09.03
Waldebert,02.05
Waldebert,11.05
Więcerad,06.06
Włodzimir,16.01
Włodzimir,19.04
Włodzimir,20.04
Włodzimir,15.07
Włodzimir,11.08
Włodzimir,18.08
Włodzimir,25.09
Racława,05.09
Dolores,15.09
Imisław,30.09
Wszerad,14.11
Bonfilia,12.02
Bonfilia,17.02
Tespezy,01.06
Tespezy,20.11
Trofima,02.06
Trofima,05.07
Trofima,13.07
Trofima,05.11
Józef,01.01
Józef,19.01
Józef,21.01
Józef,29.01
Józef,04.02
Józef,14.02
Józef,15.02
Józef,16.02
Józef,19.02
Józef,28.02
Józef,01.03
Józef,17.03
Józef,19.03
Józef,23.03
Józef,24.03
Józef,03.04
Józef,04.04
Józef,07.04
Józef,12.04
Józef,17.04
Józef,27.04
Józef,30.04
Józef,01.05
Józef,09.06
Józef,23.06
Józef,28.06
Józef,03.07
Józef,04.07
Józef,07.07
Józef,22.07
Józef,25.08
Józef,27.08
Józef,31.08
Józef,18.09
Józef,24.10
Józef,27.10
Józef,08.11
Józef,14.11
Józef,15.11
Józef,25.11
Józef,24.12
Mamerta,11.05
Demetriusz,09.04
Demetriusz,08.10
Demetriusz,26.10
Demetriusz,10.11
Lucyna,30.06
Lucyna,17.10
Lucyna,26.10
Emmeram,22.09
Jaśmina,24.02
Jaśmina,24.11
Przemił,17.01
Przemił,07.11
Sobiesława,21.01
Sobiesława,01.12
Auksencja,14.02
Auksencja,27.02
Auksencja,13.12
Auksencja,18.12
Longin,15.03
Longin,16.03
Longin,24.04
Longin,24.06
Longin,03.07
Longin,07.11
Kajetan,07.08
Trzebiemir,15.08
Włościsława,03.01
Benignus,13.02
Benignus,06.06
Benignus,01.11
Benignus,09.11
Dobrociech,05.06
Dobrociech,08.06
Ludgarda,16.06
Wirzchosław,10.08
Wirzchosław,26.08
Liceria,27.08
Tulia,05.10
Orestes,09.11
Orestes,23.11
Orestes,13.12
Mieczysława,01.01
Mieczysława,12.06
Deder,16.12
Teodot,06.05
Teodot,18.05
Teodot,03.07
Teodot,31.08
Teodot,02.11
Teodot,14.11
Myślibora,28.09
Tertulia,29.04
Trzebiesława,12.02
Gertruda,18.02
Gertruda,17.03
Gertruda,16.11
Marek,24.02
Marek,05.03
Marek,13.03
Marek,19.03
Marek,24.03
Marek,29.03
Marek,10.04
Marek,25.04
Marek,28.04
Marek,18.06
Marek,21.09
Marek,28.09
Marek,07.10
Marek,22.10
Marek,24.10
Marek,05.11
Marek,16.11
Marek,22.11
Gromisław,25.02
Gromisław,11.10
Nikandra,15.03
Nikandra,17.06
Nikandra,07.11
Turybiusz,23.03
Turybiusz,16.04
Amancjusz,08.04
Amancjusz,10.06
Amancjusz,26.09
Amancjusz,04.11
Papiasz,29.01
Papiasz,22.02
Papiasz,25.02
Papiasz,07.07
Mederyk,29.08
Oliwer,27.05
Jarema,16.02
Krzysław,28.03
Malwina,04.07
Gajana,29.09
Basjan,19.01
Radociech,17.04
Radociech,25.04
Lukrecja,07.06
Lukrecja,23.11
Meriadek,07.06
Bawon,01.10
Herakles,01.03
Herakles,14.07
Herakles,05.09
Eleukadia,14.02
Myślidar,31.03
Feliksa,23.08
Sebastiana,16.09
Saturnina,12.02
Saturnina,20.05
Saturnina,04.06
Saturnina,31.10
Saturnina,31.12
Fryderyka,27.05
Fryderyka,18.07
Fryderyka,06.10
Eulogiusz,21.01
Eulogiusz,13.02
Eulogiusz,11.03
Eulogiusz,05.05
Eulogiusz,25.06
Eulogiusz,13.09
Adolfa,11.02
Adolfa,14.02
Adolfa,17.06
Adolfa,08.07
Adolfa,27.09
Augusta,27.03
Augusta,31.10
Bazylides,12.06
Bazylides,30.06
Bazylides,23.12
Jagoda,02.07
Kolumba,10.01
Kolumba,03.03
Kolumba,20.05
Kolumba,17.09
Kolumba,24.09
Kolumba,31.12
Tankred,09.04
Faustyna,05.10
Winicjusz,03.04
Aldona,01.03
Aldona,10.09
Aldona,11.10
Lutogniew,25.03
Lutogniew,11.05
Miranda,11.05
Ciechosława,30.06
Ciechosława,04.12
Alma,10.07
Flawian,28.01
Flawian,14.02
Flawian,16.02
Flawian,17.02
Flawian,18.02
Flawian,24.02
Flawian,20.07
Flawian,23.08
Flawian,22.12
Retycja,15.05
Alfonsa,28.07
Alfonsa,31.07
Mirabella,27.09
Gumbert,21.02
Terencjusz,10.04
Terencjusz,21.06
Marcel,14.07
Achacja,28.07
Sulibor,03.10
Sulibor,17.11
Przecław,07.04
Przecław,03.09
Dalmacy,15.02
Dalmacy,03.08
Dalmacy,26.09
Dalmacy,05.12
Olga,26.03
Olga,13.06
Olga,11.07
Olga,24.07
Symplicja,14.04
Symplicja,15.05
Żyrosława,18.08
Tryfena,10.11
Gonsalwy,16.01
Gonsalwy,02.02
Bogumiła,13.01
Bogumiła,18.04
Bogumiła,10.06
Bogumiła,20.06
Bogumiła,20.12
Waleria,28.04
Waleria,05.06
Waleria,08.10
Waleria,09.12
Guncerz,08.10
Guncerz,09.10
Guncerz,28.11
Żaneta,27.11
Żaneta,27.12
Wilhelm,01.01
Wilhelm,10.01
Wilhelm,07.02
Wilhelm,10.02
Wilhelm,17.02
Wilhelm,18.02
Wilhelm,06.04
Wilhelm,17.05
Wilhelm,28.05
Wilhelm,29.05
Wilhelm,08.06
Wilhelm,24.06
Wilhelm,25.06
Wilhelm,05.07
Wilhelm,26.07
Wilhelm,29.07
Wilhelm,02.09
Więcesław,28.09
Chionia,01.04
Alruna,27.01
Lubodrog,05.02
Porfiriusz,16.02
Porfiriusz,26.02
Porfiriusz,01.06
Miłostryj,16.03
Lucyla,04.05
Lucyla,29.07
Lucyla,31.10
Przebor,09.05
Spycisław,11.11
Alba,17.01
Chociesław,07.01
Chociesław,10.05
Jerosława,21.01
Gawin,19.02
Gawin,30.05
Montan,24.02
Koleta,06.03
Aldmir,24.03
Antypas,11.04
Achacy,02.01
Achacy,27.02
Achacy,31.03
Achacy,09.04
Achacy,28.04
Achacy,08.05
Achacy,22.06
Achacy,28.07
Achacy,27.11
Hildegarda,17.09
Mścigniewa,15.12
Drogosław,17.09
Drogosław,15.10
Drogosław,15.12
Tyberiusz,24.04
Rustyk,25.04
Rustyk,17.08
Rustyk,10.10
Rustyk,14.10
Rustyk,26.10
Kastor,13.02
Kastor,28.03
Kastor,21.09
Żywila,15.02
Patryk,16.03
Patryk,17.03
Patryk,28.04
Patryk,24.08
Wszemił,12.05
Wszemił,22.11
Dobiesław,14.05
Heraklides,28.06
Licynia,07.08
Świecław,09.09
Świecław,09.11
Świecław,14.11
Aniceta,23.01
Aniceta,17.04
Aniceta,12.08
Domicjusz,23.10
Geraldyna,13.10
Geraldyna,05.12
Oliwia,05.03
Oliwia,15.06
Felicyta,07.03
Felicyta,04.09
Felicyta,23.11
Klementyn,14.11
Apolonia,09.02
Gracjana,23.10
Gracjanna,23.10
Rogat,28.03
Rogat,17.08
Przybywoj,05.07
Irmfryda,25.09
Nonnus,06.11
Bogumił,13.01
Bogumił,18.01
Bogumił,26.02
Bogumił,10.06
Bogumił,03.11
Bogumił,20.12
Orfeusz,27.02
Zbygniewa,17.03
Synezjusz,21.05
Synezjusz,12.12
Rościsław,17.01
Rościsław,30.07
Otton,16.01
Otton,01.07
Milena,24.01
Milena,24.05
Milena,30.06
Milena,22.07
Włościwoj,11.08
Luboradz,22.12
Telesfor,02.01
Czesław,19.04
Czesław,20.04
Czesław,12.06
Czesław,20.07
Czesław,02.09
Kwadrat,26.05
Sancja,26.07
Sancja,18.08
Zdobysław,30.07
Dżesika,04.11
Tatiana,12.01
Tatiana,25.01
Klaudian,26.02
Wieńczysław,25.03
Waldetruda,09.04
Witold,15.06
Witold,12.10
Witold,12.11
Mścigniew,15.12
Mścigniew,19.12
Henryk,19.01
Henryk,23.01
Henryk,27.01
Henryk,19.02
Henryk,02.03
Henryk,10.04
Henryk,10.06
Henryk,13.07
Henryk,14.07
Henryk,15.07
Pryskus,28.03
Wszemir,21.05
Wszemir,18.12
Sobiesąd,09.09
Lesława,28.11
Leona,26.01
Leona,06.02
Leona,20.02
Leona,01.03
Leona,14.03
Leona,11.04
Leona,19.04
Leona,20.04
Leona,22.04
Leona,25.05
Leona,12.06
Leona,28.06
Leona,30.06
Leona,03.07
Leona,12.07
Leona,17.07
Leona,20.07
Leona,10.09
Leona,10.10
Leona,10.11
Amadeusz,30.03
Amadeusz,10.08
Amadeusz,27.08
Amadeusz,12.09
Amadeusz,27.09
Spirydion,12.12
Nahum,14.12
Hipolit,03.02
Hipolit,20.03
Hipolit,13.08
Hipolit,22.08
Hipolit,21.09
Elpidia,07.03
Elpidia,02.09
Izolda,06.04
Izolda,15.06
Florencjusz,15.05
Florencjusz,13.10
Florencjusz,07.11
Eudoksjusz,02.11
Fabiana,20.01
Bolesław,12.06
Bolesław,23.07
Bolesław,19.08
Bolesław,22.08
Maksencjusz,26.06
Maksencjusz,12.12
Huberta,03.11
Kunibert,12.11
Prosimir,01.02
Prosimir,09.06
Prosimir,22.09
Sylwana,28.02
Adelbert,25.06
Tacjan,12.09
Manfred,28.01
Manfred,27.10
Nina,14.01
Ludger,26.03
Gościrad,28.11
Protazja,19.12
Mścisława,09.01
Mścisława,09.03
Mścisława,04.11
Honoryna,27.02
Ludolfina,29.03
Anika,03.05
Filadelf,10.05
Dagna,11.09
Dagna,20.12
Inga,25.10
Teodozy,11.01
Teodozy,14.02
Teodozy,26.03
Teodozy,17.07
Bartłomiej,23.01
Bartłomiej,12.02
Bartłomiej,17.02
Bartłomiej,21.04
Bartłomiej,30.04
Bartłomiej,06.05
Bartłomiej,05.07
Bartłomiej,16.07
Bartłomiej,24.08
Bartłomiej,03.09
Bartłomiej,05.10
Bartłomiej,23.10
Bartłomiej,11.11
Bartłomiej,05.12
Bartłomiej,27.12
Izbygniew,03.04
Maksyma,08.04
Maksyma,30.07
Maksyma,01.10
Maksyma,16.10
Sobiemysł,02.09
Egidia,10.01
Egidia,07.02
Egidia,23.04
Egidia,14.05
Egidia,01.09
Syntia,30.01
Bratumiła,03.06
Bratumiła,04.12
Braturad,04.06
Uniewit,06.09
Dobroniega,20.01
Dobroniega,26.08
Kleonik,03.03
Przemyślibor,09.03
Ruprecht,20.03
Krescencja,05.04
Kamil,14.07
Kamil,18.07
Kamil,15.09
Kamil,25.09
Dobrowit,18.09
Dacjusz,14.01
Dacjusz,27.01
Dacjusz,21.10
Żanna,04.02
Żanna,30.05
Żanna,17.08
Żanna,27.12
Niegosław,06.07
Niegosław,08.08
Prymityw,18.07
Prymityw,27.11
Lutwin,29.09
Lutomir,10.10
Bibianna,02.12
Miesław,01.01
Donata,17.07
Donata,31.12
Krystyn,29.04
Krystyn,23.07
Krystyn,13.11
Soter,22.04
Brunon,17.05
Brunon,12.07
Brunon,14.07
Brunon,18.07
Brunon,06.10
Brunon,11.10
Brunon,15.10
Dunstan,19.05
Hezychiusz,15.06
Hezychiusz,07.07
Hezychiusz,07.11
Hezychiusz,18.11
Hezychiusz,26.11
Włodzisław,27.06
Włodzisław,19.07
Włodzisław,25.09
Włodzisław,13.11
Tytus,04.01
Tytus,26.01
Tytus,06.02
Tytus,15.04
Tytus,26.07
Tytus,16.08
Tytus,18.09
Falisław,13.01
Mirosław,02.02
Mirosław,26.02
Mirosław,03.07
Maura,13.02
Maura,03.05
Maura,21.09
Maura,30.11
Robert,21.02
Robert,27.03
Robert,17.04
Robert,29.04
Robert,13.05
Robert,07.06
Robert,18.07
Robert,17.09
Robert,01.11
Wanesa,22.04
Wanesa,24.05
Przedwoj,23.11
Dobrosław,10.01
Dobrosław,24.11
Herenia,08.03
Angelina,29.04
Angelina,15.06
Angelina,14.07
Gaweł,01.07
Gaweł,16.10
Chociebąd,22.02
Emnilda,13.02
Eutyches,15.04
Eutyches,02.07
Eutyches,24.08
Medard,08.06
Nemezy,18.07
Nemezy,01.08
Nemezy,19.12
Serwiusz,17.08
Tworzysława,18.08
Mauryliusz,13.09
Norma,12.02
Maryna,12.02
Maryna,18.06
Maryna,18.07
Maryna,11.11
Marzanna,21.03
Marzanna,02.06
Michalina,10.04
Michalina,19.06
Michalina,24.08
Michalina,29.09
Sylwan,17.02
Sylwan,18.02
Sylwan,20.02
Sylwan,04.05
Sylwan,10.07
Sylwan,05.11
Sylwan,02.12
Eugeniusz,04.01
Eugeniusz,07.03
Eugeniusz,02.06
Eugeniusz,08.07
Eugeniusz,13.07
Eugeniusz,18.07
Eugeniusz,29.07
Eugeniusz,06.09
Eugeniusz,13.11
Eugeniusz,13.12
Eugeniusz,20.12
Eugeniusz,30.12
Bogusław,13.01
Bogusław,20.03
Bogusław,22.03
Bogusław,18.04
Bogusław,29.04
Bogusław,29.05
Bogusław,01.07
Bogusław,18.08
Bogusław,23.09
Bogusław,18.12
Domasław,15.01
Adalruna,27.01
Wyszetrop,21.02
Wincencja,28.06
Wincencja,26.12
Teonas,03.01
Teonas,22.08
Teonas,28.12
Gordiana,10.05
Namir,01.07
Namir,06.08
Wielisław,04.07
Niezamysł,08.08
Teodor,02.01
Teodor,07.01
Teodor,17.01
Teodor,24.01
Teodor,07.02
Teodor,03.03
Teodor,26.03
Teodor,29.03
Teodor,15.04
Teodor,22.04
Teodor,27.04
Teodor,05.05
Teodor,20.05
Teodor,26.05
Teodor,04.07
Teodor,19.07
Teodor,26.07
Teodor,27.07
Teodor,29.07
Teodor,02.09
Teodor,04.09
Teodor,05.09
Teodor,10.09
Teodor,15.09
Teodor,19.09
Teodor,20.09
Teodor,29.10
Teodor,01.11
Teodor,09.11
Teodor,11.11
Teodor,19.11
Teodor,26.11
Teodor,14.12
Teodor,15.12
Teodor,26.12
Teodor,27.12
Herman,07.04
Herman,11.04
Herman,13.06
Herman,11.08
Herman,24.09
Horacy,24.04
Dyter,16.12
Przemysław,27.01
Przemysław,13.04
Przemysław,04.09
Przemysław,10.10
Przemysław,30.10
Gelazy,27.03
Gelazy,21.11
Gelazy,23.12
Benilda,15.06
Nazaria,06.07
Donald,14.07
Wojmir,25.10
Wojmir,11.12
Siestrzemił,27.10
Herkules,01.03
Herkules,05.09
Ginewra,03.11
Beata,13.01
Beata,08.03
Beata,29.06
Beata,06.09
Beata,22.12
Maro,14.02
Maro,15.04
Elwira,27.01
Elwira,10.02
Elwira,08.03
Elwira,25.08
Elwira,21.11
Baroncjusz,25.03
Hiob,09.05
Heron,28.06
Heron,17.10
Heron,14.12
Racibor,29.08
Liwiusz,23.09
Ampelia,12.02
Ampelia,14.05
Ampelia,20.11
Będzimysł,06.03
Anastazja,15.04
Anastazja,28.10
Anastazja,11.11
Gościsław,18.04
Rufus,27.08
Rufus,25.09
Rufus,07.11
Rufus,21.11
Rufus,28.11
Rufus,18.12
Dadzboga,29.09
Babilas,24.01
Cezary,25.02
Cezary,08.04
Cezary,15.04
Cezary,22.08
Cezary,27.08
Cezary,03.11
Cezary,27.12
Cezary,28.12
Miłodrog,06.05
Chwalimir,17.05
Chwalimir,08.07
Mechtylda,11.01
Florentyn,14.02
Florentyn,23.02
Florentyn,01.04
Florentyn,16.10
Florentyn,17.10
Peleusz,20.02
Peleusz,19.09
Nestor,26.02
Nestor,04.03
Nestor,08.09
Nestor,09.11
Kwiryn,25.03
Kwiryn,30.03
Kwiryn,30.04
Kwiryn,04.06
Filon,25.04
Asaf,01.05
Gracja,13.06
Agatangel,23.01
Agatangel,07.08
Gościmiar,18.12
Marcelina,05.01
Marcelina,09.01
Marcelina,14.07
Marcelina,17.07
Bona,29.01
Bona,24.04
Absalon,02.03
Absalon,02.09
Marol,23.04
Wiktoryna,10.05
Wiktoryna,05.09
Wiktoryna,01.11
Abundancja,16.09
Minigniew,25.09
Edwarda,05.01
Edwarda,18.03
Diomedes,16.08
Diomedes,11.09
Kolumban,21.11
Kwieta,28.11
Eufemiusz,18.06
Epifania,06.01
Epifania,12.07
Hiacynta,30.01
Hiacynta,20.02
Hiacynta,09.05
Ezechiel,10.04
Ezechiel,19.08
Burchard,11.10
Burchard,14.10
Dziwisław,22.12
Kacper,06.01
Kacper,12.06
Fabrycjan,22.08
Rygobert,04.01
Parteniusz,07.02
Teodozja,14.02
Teodozja,02.04
Teodozja,11.06
Teodozja,18.07
Brodzisław,30.05
Brodzisław,01.08
Domniusz,28.12
Karol,06.01
Karol,28.01
Karol,02.03
Karol,16.03
Karol,20.05
Karol,03.06
Karol,04.06
Karol,10.09
Karol,21.10
Karol,04.11
Budzisław,01.03
Budzisław,02.12
Marian,09.02
Marian,16.02
Marian,30.04
Marian,01.07
Marian,19.08
Marian,11.10
Marian,17.10
Marian,08.12
Błażeja,03.02
Błażeja,29.11
Leandra,27.02
Fiebrosław,25.06
Dziesław,02.09
Dobrożyźń,20.01
Rupert,27.03
Eufroniusz,03.08
Męcimir,21.08
Wera,24.01
Wera,12.07
Felicjan,24.01
Felicjan,09.02
Felicjan,09.06
Felicjan,20.10
Felicjan,29.10
Mirosława,26.02
Mirosława,26.07
Larysa,26.03
Sambor,25.10
Wolisława,16.12
Arkadiusz,12.01
Arkadiusz,04.03
Arkadiusz,13.11
Hegezyp,07.04
Adrianna,09.01
Adrianna,04.03
Adrianna,05.03
Adrianna,23.03
Adrianna,08.07
Adrianna,09.07
Adrianna,26.08
Adrianna,08.09
Elżbieta,04.01
Elżbieta,20.02
Elżbieta,18.06
Elżbieta,04.07
Elżbieta,08.07
Elżbieta,14.08
Elżbieta,21.10
Elżbieta,05.11
Elżbieta,09.11
Elżbieta,14.11
Elżbieta,17.11
Elżbieta,19.11
Elżbieta,25.11
Mateusz,07.01
Mateusz,22.01
Mateusz,21.09
Mateusz,07.10
Mateusz,13.11
Mateusz,25.12
Mateusz,27.12
Hermenegilda,13.04
Irydion,19.04
Irydion,20.04
Mildreda,13.07
Teodota,17.07
Teodota,02.08
Teodota,29.09
Lina,23.09
Gordiusz,03.01
Leodegar,02.10
Jarmila,04.02
Jacek,10.02
Jacek,03.07
Jacek,04.07
Jacek,26.07
Jacek,17.08
Jacek,09.09
Jacek,11.09
Polieukt,13.02
Polieukt,21.05
Aggeusz,04.07
Dariusz,25.07
Dariusz,29.09
Dariusz,19.12
Wszeciech,28.10
Kryspin,07.01
Kryspin,19.05
Kryspin,25.10
Kryspin,19.11
Kryspin,03.12
Kryspin,05.12
Leontyna,19.04
Leontyna,20.04
Artemon,26.04
Artemon,08.10
Dziwigor,18.07
Dziwigor,09.11
Prakseda,21.07
Aleksy,12.02
Aleksy,17.02
Aleksy,24.04
Aleksy,17.07
Aleksy,28.08
Pamela,16.02
Pamela,14.03
Pamela,01.06
Satora,01.09
Gorgoniusz,09.09
Sędzimir,04.11
Sędzimir,20.11
Eustachia,04.02
Asteriusz,03.03
Asteriusz,20.05
Asteriusz,10.06
Boguchwał,18.03
Boguchwał,22.03
Dobrosułka,21.04
Dobrosułka,22.12
Noe,31.05
Noe,18.11
Memiusz,05.08
Daniela,04.09
Daniela,06.11
Metody,14.02
Metody,14.06
Metody,07.07
Metody,18.09
Wespazjan,18.02
Wespazjan,04.05
Ilidiusz,07.07
Racimir,19.01
Racimir,10.07
Matron,09.04
Dobiemir,02.01
Dobiemir,05.02
Aisza,11.09
Sobierad,18.09
Siepraw,11.07
Gedeon,28.03
Gedeon,01.09
Amedeusz,18.04
Fryda,19.10
Bratomiła,04.12
Rebeka,23.03
Rebeka,30.08
Domicela,07.05
Domicela,12.05
Zenon,14.02
Zenon,12.04
Zenon,23.06
Zenon,09.07
Zenon,02.09
Zenon,08.09
Zenon,20.12
Zenon,22.12
Zenon,26.12
Barbacy,19.02
Amat,08.05
Amat,31.08
Amat,13.09
Witolda,15.06
Witolda,12.10
Witolda,12.11
Tatomir,12.07
Aurelia,25.09
Aurelia,02.12
Astryda,27.11
Makryna,14.01
Makryna,19.07
Wiola,03.05
Wiola,08.09
Bolelut,23.05
Igor,05.06
Igor,05.10
Wincenty,01.01
Wincenty,22.01
Wincenty,23.01
Wincenty,14.02
Wincenty,08.03
Wincenty,20.03
Wincenty,05.04
Wincenty,19.04
Wincenty,20.04
Wincenty,07.05
Wincenty,24.05
Wincenty,06.08
Wincenty,07.08
Wincenty,25.08
Wincenty,11.09
Wincenty,25.09
Wincenty,27.09
Wincenty,09.10
Wincenty,28.10
Wincenty,07.11
Wincenty,20.12
Indracht,05.02
Czcisław,16.02
Czcisław,19.02
Wirgiliusz,05.03
Wirgiliusz,27.11
Honoriusz,24.04
Honoriusz,30.09
Iwona,19.05
Iwona,23.05
Iwona,04.09
Iwona,27.10
Iwona,23.12
Ingolf,10.06
Irmfryd,25.09
Joanna,02.02
Joanna,04.02
Joanna,01.03
Joanna,28.03
Joanna,31.03
Joanna,28.04
Joanna,12.05
Joanna,24.05
Joanna,30.05
Joanna,27.06
Joanna,09.07
Joanna,23.07
Joanna,08.08
Joanna,12.08
Joanna,17.08
Joanna,21.08
Joanna,24.08
Joanna,26.08
Joanna,09.11
Dalmir,05.11
Alfeusz,17.11
Dobromił,21.10
Ninomysł,27.01
Ninomysł,07.12
Dydak,24.03
Dydak,13.11
Scypion,04.09
Felicjana,24.11
Sylwestra,02.01
Sylwestra,15.04
Sylwestra,10.05
Sylwestra,09.06
Sylwestra,20.11
Sylwestra,26.11
Sylwestra,31.12
Oswald,28.02
Oswald,29.02
Oswald,05.08
Oswald,22.08
Egbert,24.04
Arnulf,18.07
Arnulf,15.08
Arnulf,19.09
Kanuta,04.09
Ermentruda,02.02
Ermentruda,29.04
Ermentruda,29.05
Ermentruda,30.06
Donat,09.02
Donat,17.02
Donat,25.02
Donat,07.04
Donat,30.04
Donat,21.05
Donat,07.08
Donat,19.08
Donat,01.09
Donat,05.10
Donat,22.10
Donat,29.10
Donat,10.12
Porfiry,16.02
Porfiry,26.02
Biecsława,19.02
Dziadumiła,01.02
Andrea,30.04
Kolumb,09.06
Domamir,21.06
Klarysa,01.07
Klarysa,09.08
Morzysława,24.09
Morzysława,06.12
Marot,27.03
Ingarda,07.11
Hildebrand,11.04
Hildebrand,05.06
Przybycześć,28.04
Kasja,29.06
Kalasanty,25.08
Bazyla,02.01
Bazyla,22.09
Hipolita,03.02
Hipolita,13.08
Hipolita,22.08
Hipolita,21.09
Rogacjusz,28.03
Pantaleon,27.07
Manfreda,28.01
Manfreda,27.10
Humbert,04.03
Ścibora,09.09
Ścibora,14.11
Łękomir,26.09
Wrocsława,23.01
Wrocsława,17.05
Edyta,09.08
Edyta,16.09
Edyta,08.12
Aspazy,02.01
Trzebowit,16.01
Trzebowit,06.11
Nataniel,04.02
Gaja,28.02
Gaja,10.03
Gaja,22.04
Gaja,27.09
Gaja,14.10
Nikon,23.03
Nikon,26.11
Częstobor,30.03
Bożebor,27.04
Apolinaria,23.07
Apolinaria,21.08
Mściwuj,14.01
Klementyna,21.10
Klementyna,29.11
Zdziemił,07.12
Jonatan,29.12
Bernardyna,21.09
Bernardyna,23.09
Izabela,23.02
Izabela,16.03
Izabela,14.04
Izabela,14.07
Izabela,31.08
Izabela,03.09
Izabela,10.09
Izbygniewa,03.04
Pęcisław,04.08
Pęcisław,24.11
Gratus,07.09
Gratus,08.10
Chwalisław,03.11
Wrocisław,22.02
Wrocisław,09.12
Pioniusz,01.02
Marold,22.02
Róża,06.03
Róża,07.05
Róża,09.07
Róża,23.08
Róża,13.12
Drogosława,11.03
Drogosława,15.10
Drogosława,15.12
Liba,15.06
Radomir,28.01
Radomir,03.07
Sulisława,09.02
Sulisława,17.10
Zbigniew,17.02
Zbigniew,17.03
Zbigniew,01.04
Zenona,12.04
Zenona,23.06
Zenona,09.07
Zenona,22.12
Marika,16.07
Marika,08.12
Klarus,08.11
Jukund,14.11
Manomir,06.01
Bromir,20.05
Westyna,17.07
Przedsław,07.04
Przedsław,03.09
Herbert,16.03
Wieńczysława,25.03
Prochor,09.04
Prochor,10.08
Stanisław,05.05
Stanisław,08.05
Stanisław,18.09
Stanisław,13.11
Romualda,19.06
Romualda,24.06
Dawida,15.07
Amanda,06.02
Amanda,18.06
Amanda,26.10
Rzędzimir,27.03
Germeriusz,16.05
Frydolin,06.03
Ema,08.04
Ema,19.04
Ema,20.04
Ema,29.06
Ema,03.12
Potencjana,15.04
Potencjana,19.05
Filotea,15.09
Filotea,05.11
Dzirżysława,24.03
Dzirżysława,18.06
Dzirżysława,16.07
Dezyderia,11.02
Dezyderia,08.05
Dezyderia,23.05
Gizela,07.05
Sieciech,20.08
Micheasz,15.01
Innocenta,16.09
Dąbrówka,15.01
Wielisława,29.01
Wielisława,09.12
Konon,05.03
Konon,06.03
Konon,21.09
Rodryk,13.03
Gerwazy,19.06
Alan,08.09
Alan,14.10
Wilfryd,12.10
Norman,06.01
Wioletta,29.10
Seweryna,17.10
Anian,25.04
Anian,10.11
Antyd,25.06
Antyd,14.11
Benild,13.08
Gracjan,18.12
Długomił,21.01
Długomił,13.04
Długomił,01.12
Diana,10.06
Diana,13.08
Digna,14.06
Digna,12.08
Digna,22.09
Dobiemiar,07.08
Biruta,24.11
Mojżesz,07.02
Mojżesz,18.02
Mojżesz,28.08
Mojżesz,04.09
Mojżesz,04.11
Mojżesz,25.11
Bonawentura,31.03
Bonawentura,14.07
Bonawentura,15.07
Bonawentura,11.09
Bonawentura,26.10
Linus,23.09
Ebrulf,29.12
Adolf,11.02
Adolf,14.02
Adolf,17.06
Adolf,08.07
Adolf,27.09
Naczęsława,22.07
Archibald,27.03
Częstowoj,02.05
Częstowoj,30.08
Barnaba,11.06
Ansgary,03.02
Zygfryd,15.02
Zygfryd,25.02
Zygfryd,22.08
Zygfryd,27.11
Damazy,27.11
Damazy,11.12
Paula,26.01
Paula,03.06
Paula,11.06
Paula,18.06
Paula,18.08
Paula,24.12
Agrypin,03.03
Agrypin,09.11
Agrypin,14.11
Bolemysł,30.05
Bolemysł,29.11
Bertram,17.08
Cibor,12.11
Bogdan,06.02
Bogdan,19.03
Bogdan,17.07
Bogdan,10.08
Bogdan,08.11
Bogdan,09.11
Bogdan,10.12
Emanuel,25.01
Emanuel,26.03
Emanuel,10.07
Emanuel,11.10
Drogomił,21.04
Drogomił,18.07
Fidelis,24.04
Fidelis,21.08
Fidelis,28.10
Świętopełk,01.06
Świętopełk,25.09
Krzesława,11.09
Emeryta,22.09
Dalimiar,05.11
Marceli,16.01
Marceli,19.01
Marceli,19.02
Marceli,19.03
Marceli,09.04
Marceli,06.06
Marceli,01.08
Marceli,14.08
Marceli,04.09
Marceli,07.10
Marceli,30.10
Marceli,01.11
Marceli,26.11
Marceli,29.12
Marceli,30.12
Cezaria,12.01
Andronik,30.05
Andronik,11.10
Wigiliusz,26.06
Arkady,12.01
Arkady,04.03
Arkady,13.11
Zuzanna,18.01
Zuzanna,11.05
Zuzanna,24.05
Zuzanna,06.07
Zuzanna,11.08
Zuzanna,19.09
Zuzanna,17.10
Gniewomir,08.02
Roderyk,13.03
Tobiasz,13.06
Tobiasz,02.11
Siemomysł,14.09
Teona,03.01
Teona,22.08
Teona,28.12
Maruta,16.02
Maruta,04.12
Zwnisława,10.03
Poliana,10.09
Ewalda,03.10
Anizjusz,30.12
Martyna,30.01
Krzesąd,28.01
Sulirad,30.05
Sulirad,23.08
Prokul,01.06
Prokul,12.07
Prokul,19.09
Prokul,24.10
Prokul,01.12
Prokul,09.12
Dacjan,04.06
Arystyda,31.08
Erwina,19.01
Erwina,16.04
Erwina,24.04
Erwina,26.04
Cyntia,30.01
Patrycjusz,16.03
Patrycjusz,17.03
Patrycjusz,28.04
Patrycjusz,04.07
Patrycjusz,24.08
Włodzimira,16.01
Włodzimira,25.04
Włodzimira,25.09
Świętobor,06.04
Świętobor,27.05
Gosława,18.04
Gosława,01.12
Władysław,12.06
Władysław,27.06
Władysław,30.06
Władysław,25.09
Symmach,19.07
Augustyna,03.10
Augustyna,17.10
Augustyna,13.11
Gościmir,15.03
Askaniusz,10.07
Askaniusz,06.10
Cyra,03.08
Ginter,08.10
Ginter,09.10
Ginter,28.11
Krescenty,19.04
Krescenty,20.04
Krescenty,18.07
Krescenty,04.08
Krescenty,29.08
Krescenty,01.10
Krescenty,28.11
Krescenty,29.12
Imisława,25.05
Imisława,12.07
Kwintus,18.12
Gandulf,03.04
Kamelia,03.07
Kamelia,03.08
Lechosław,26.11
Perpetua,07.03
Perpetua,04.08
Perpetua,20.09
Perpetua,04.11
Hilaria,09.04
Hilaria,12.08
Hilaria,03.12
Magdalena,10.04
Magdalena,13.05
Magdalena,27.05
Magdalena,29.05
Magdalena,01.06
Magdalena,22.07
Magdalena,27.07
Magdalena,17.08
Magdalena,22.08
Magdalena,13.10
Siedlewit,29.11
Platon,04.04
Platon,22.07
Floryna,01.05
Gwalbert,02.05
Gwalbert,11.05
Mirogod,26.06
Edwin,12.10
Barnim,27.10
Monika,18.01
Monika,04.05
Monika,27.08
Monika,10.09
Monika,06.10
Ludolf,29.03
Eryka,18.05
Eryka,18.08
Eryka,24.12
Zotyk,21.07
Zotyk,21.10
Zotyk,31.12
Makryn,17.09
Fotyn,06.01
Fotyn,02.06
Fotyn,12.08
Wiktorianna,23.03
Wiktorianna,16.05
Wiktorianna,10.06
Wiktorianna,26.08
Lucyliusz,29.07
Lucyliusz,31.10
Dobielut,13.09
Gizbert,07.11
Tycjan,16.01
Tycjan,03.03
Arkadia,12.01
Arkadia,04.03
Arkadia,13.11
Herena,25.02
Hipacy,17.06
Hipacy,18.06
Hipacy,29.08
Hipacy,14.11
Gaudencja,30.08
Julian,07.01
Julian,09.01
Julian,17.01
Julian,27.01
Julian,28.01
Julian,12.02
Julian,13.02
Julian,16.02
Julian,17.02
Julian,19.02
Julian,24.02
Julian,27.02
Julian,08.03
Julian,16.03
Julian,08.04
Julian,01.05
Julian,23.05
Julian,27.05
Julian,01.06
Julian,01.07
Julian,04.07
Julian,18.07
Julian,09.08
Julian,12.08
Julian,19.08
Julian,25.08
Julian,28.08
Julian,02.09
Julian,04.09
Julian,13.09
Julian,18.10
Julian,30.10
Batylda,30.01
Uniesław,18.07
Hieronima,20.07
Hieronima,30.09
Siemisław,13.10
Benwenuta,30.10
Irenarch,27.11
Erwin,19.01
Erwin,16.04
Erwin,24.04
Erwin,18.07
Seleukos,01.06
Firmina,24.11
Toligniew,13.02
Alojza,21.06
Salomea,01.08
Salomea,22.10
Salomea,17.11
Salomea,19.11
Filip Neriusz,26.05
Irmegarda,24.02
Irmegarda,20.03
Irmegarda,16.07
Irmegarda,04.09
Irmegarda,03.10
Gleb,24.07
Petroniusz,04.10
Jutrogost,22.01
Rajner,14.01
Rajner,11.04
Rajner,04.08
Rajner,01.11
Rajner,30.12
Gerwin,03.03
Anzelm,18.03
Anzelm,21.04
Nasław,06.08
Fereol,04.01
Fereol,05.09
Fereol,18.09
Eugenia,07.02
Eugenia,06.03
Eugenia,10.03
Eugenia,06.09
Eugenia,16.09
Eugenia,25.12
Aureliusz,26.04
Aureliusz,10.06
Aureliusz,20.07
Aureliusz,27.07
Aureliusz,09.09
Aureliusz,13.09
Aureliusz,20.10
Aureliusz,12.11
Aureliusz,16.11
Prot,11.09
Prot,25.10
Prot,11.11
Alodiusz,28.09
Miłobrat,18.10
Fabian,20.01
Benigna,20.06
Morzysław,07.03
Morzysław,13.09
Elpin,05.02
Eulalia,12.02
Eulalia,10.12
Eleuteriusz,20.02
Eleuteriusz,18.04
Eleuteriusz,26.05
Eleuteriusz,16.08
Eleuteriusz,06.09
Eleuteriusz,02.10
Eleuteriusz,10.10
Domicjana,07.05
Domicjana,12.05
Domicjana,01.07
Domicjana,09.08
Wenancja,05.08
Galla,05.10
Bonita,12.01
Afrodyzja,14.03
Afrodyzja,28.04
Afrodyzja,30.04
Benon,16.06
Benon,22.07
Benon,04.12
Filomena,05.07
Filomena,11.08
Mironieg,04.08
Jaczewoj,17.08
Falkon,20.02
Falkon,09.08
Aldegunda,30.01
Amand,06.02
Amand,18.06
Amand,26.10
Konstantyn,11.03
Konstantyn,12.04
Konstantyn,29.07
Asteria,10.08
Stronisław,28.08
Skarbimir,26.01
Skarbimir,19.10
Bogusz,24.02
Tyburcjusz,14.04
Tyburcjusz,11.08
Audoen,24.08
Sergia,04.09
Łucjana,26.10
Przybygniew,05.02
Przybygniew,15.11
Cecyliusz,01.02
Cecyliusz,15.05
Cecyliusz,03.06
Jonasz,11.02
Jonasz,21.09
Jonasz,22.09
Jonasz,12.11
Walerian,14.04
Walerian,23.08
Walerian,15.09
Walerian,17.09
Walerian,27.11
Walerian,28.11
Walerian,15.12
Owidia,03.06
Rajnold,07.01
Będzimir,23.02
Zbrosław,28.06
Tarsylia,24.12
Ildefons,23.01
Miłobor,25.01
Miłobor,18.06
Przedsława,16.02
Ludomir,20.02
Ludomir,28.02
Ludomir,21.03
Ludomir,10.11
Anuncjata,25.03
Arbogast,21.07
Dafroza,04.01
Ekspedyt,19.04
Ekspedyt,20.04
Tryfon,03.07
Świerad,13.07
Grzymisław,12.10
Ulryk,20.02
Ulryk,14.07
Dobrosława,09.04
Izaak,11.04
Izaak,03.06
Izaak,19.10
Izaak,13.11
Mamert,11.05
Władysława,12.06
Władysława,30.06
Władysława,25.09
Sozypater,25.06
Kilian,08.07
Kordian,22.10
Witburga,17.03
Piotra,23.03
Piotra,06.04
Piotra,16.08
Piotra,23.08
Dobromiera,31.03
Więcemił,26.05
Charytyna,05.10
Niceta,17.10
Kaja,28.02
Kaja,22.04
Luiza,15.03
Luiza,19.08
Luiza,25.08
Cezaryna,08.04
Udalryk,04.07
Sędzisława,07.07
Racław,05.09
Kasjan,13.03
Kasjan,04.05
Kasjan,23.07
Kasjan,05.08
Kasjan,13.08
Kasjan,03.12
Sławobora,25.03
Potencjanna,15.04
Potencjanna,19.05
Wirginiusz,22.04
Dzierżykraj,17.07
Matylda,11.01
Matylda,19.01
Matylda,14.03
Matylda,19.11
Balladyna,28.05
Latika,30.08
Wojsław,02.11
Gerard,30.01
Gerard,12.02
Gerard,17.02
Gerard,04.03
Gerard,23.04
Gerard,13.05
Gerard,06.06
Gerard,13.06
Gerard,03.09
Gerard,24.09
Gerard,03.10
Gerard,16.10
Gerard,30.10
Gerard,29.12
Sofroniusz,11.03
Sofroniusz,24.03
Maurycy,20.03
Maurycy,10.07
Maurycy,22.09
Maurycy,13.10
Ciechosław,13.05
Ciechosław,16.08
Ciechosław,04.12
Dalewin,04.10
Rodsław,07.10
Ludan,12.02
Ludan,16.02
Kutbert,20.03
Kutbert,30.11
Optat,16.04
Optat,04.06
Optat,31.08
Benona,16.06
Benona,22.07
Polianna,10.09
Włościbor,05.01
Józefa,21.01
Józefa,24.02
Józefa,20.03
Józefa,20.05
Józefa,22.09
Józefa,18.11
Józefa,07.12
Izyda,04.02
Gościwit,04.05
Gościwit,07.07
Gościwit,11.12
Gościwit,12.12
Fabiusz,11.05
Fabiusz,31.07
Sewera,20.07
Euzebia,20.09
Euzebia,29.10
Saba,14.01
Saba,05.02
Saba,12.04
Saba,24.04
Saba,16.08
Saba,05.12
Arediusz,25.08
Filip,23.01
Filip,02.02
Filip,11.04
Filip,06.05
Filip,11.05
Filip,26.05
Filip,06.06
Filip,10.07
Filip,22.08
Filip,13.09
Filip,22.10
Filip,24.10
Filip,04.12
Korneliusz,02.02
Korneliusz,09.07
Korneliusz,16.09
Bohdan,06.02
Bohdan,14.07
Bohdan,10.08
Bohdan,31.08
Bohdan,02.09
Bohdan,02.11
Bohdan,08.11
Beniamin,31.03
Beniamin,19.12
Nabur,12.06
Halina,01.07
Halina,24.08
Matern,18.07
Matern,14.09
Edwina,04.10
Edwina,12.10
Wiktoriana,12.01
Wiktoriana,23.03
Wiktoriana,16.05
Wiktoriana,10.06
Wiktoriana,26.08
Demokryt,31.07
Wigbert,13.08
Kleopatra,19.10
Jarmiła,04.02
Pompiliusz,15.07
Atanazja,14.08
Atanazja,09.10
Leopoldyna,15.11
Mszczuja,02.06
Egidiusz,07.02
Marzena,26.04
Laurentyn,03.06
Laurentyn,27.07
Cirzpisława,29.07
Apulejusz,07.10
Jozafat,11.11
Jozafat,12.11
Jozafat,17.11
Jozafat,27.11
Eufrozyna,01.01
Eufrozyna,23.05
Adalgunda,30.01
Uniesława,03.02
Lamberta,14.04
Lamberta,16.04
Lamberta,26.05
Lamberta,22.08
Lamberta,17.09
Adalwina,26.05
Mirona,08.08
Mirona,17.08
Kajetana,26.11
Fabiola,27.12
Amadea,14.01
Amadea,30.03
Amadea,10.08
Amadea,27.08
Jazon,12.05
Jazon,12.07
Waleriana,17.06
Adolfina,09.07
Eupsychiusz,09.04
Eupsychiusz,07.09
Marcjusz,03.03
Marcjusz,13.04
Marcjusz,08.10
Eleuteria,20.02
Eleuteria,18.04
Eleuteria,26.05
Eleuteria,16.08
Eleuteria,06.09
Eleuteria,02.10
Eleuteria,10.10
Ireneusz,25.03
Ireneusz,06.04
Ireneusz,05.05
Ireneusz,28.06
Ireneusz,23.08
Ireneusz,26.08
Ireneusz,15.12
Florenty,15.05
Florenty,13.10
Florenty,07.11
Bertrand,09.06
Bertrand,06.09
Fintan,17.02
Ninogniew,14.06
Nicetas,07.01
Nicetas,20.03
Nicetas,03.04
Nicetas,05.05
Nicetas,15.09
Woluzjan,18.01
Rościgniew,31.01
Rościgniew,04.09
Wenancjusz,01.04
Wenancjusz,05.08
Wenancjusz,13.10
Wenancjusz,14.12
Magnus,19.08
Magnus,06.09
Magnus,06.10
Magnus,05.11
Baltazar,06.01
Baltazar,20.06
Baltazar,18.09
Awentyn,04.02
Kornelia,31.03
Lolita,15.09
Timur,24.10
Lubart,18.01
Lubart,25.02
Demetria,09.04
Demetria,21.06
Stanimir,07.05
Stanimir,02.10
Jordana,13.02
Jordana,15.02
Jordana,06.03
Bonet,12.01
Dionizja,14.02
Dionizja,15.05
Dionizja,06.12
Dionizja,12.12
Strzeżymir,22.04
Taleleusz,20.05
Dobrobąd,07.09
Alicja,09.01
Alicja,18.04
Alicja,21.06
Alicja,11.11
Marietta,31.05
Bartłomieja,26.07
Adaukt,30.08
Kanizja,04.09
Ubysława,24.05
Majola,11.05
Wiesława,22.05
Wiesława,07.06
Wiesława,09.12
Menelaus,22.07
Dalia,29.10
Joachim,06.02
Joachim,15.02
Joachim,30.03
Joachim,16.04
Joachim,03.06
Joachim,26.07
Joachim,22.08
Joachim,22.09
Joachim,24.11
Paschazy,22.02
Paschazy,26.04
Paschazy,31.05
Paschazy,13.11
Kunegunda,03.03
Kunegunda,13.04
Kunegunda,24.07
Fryderyk,05.03
Fryderyk,27.05
Fryderyk,18.07
Fryderyk,04.08
Fryderyk,29.11
Fryderyk,30.11
Wyszemir,12.06
Solidariusz,31.08
Hilary,11.01
Hilary,13.01
Hilary,14.01
Hilary,16.01
Hilary,28.02
Hilary,16.03
Hilary,09.04
Hilary,05.05
Hilary,21.10
Hilary,25.10
Macedoniusz,27.03
Macedoniusz,12.09
Zdzibor,05.05
Bernardyn,20.05
Bernardyn,02.07
Bernardyn,28.09
Bernardyn,27.11
Wanda,23.06
Aretas,18.09
Aretas,24.10
Wilhelmina,19.09
Ambrozja,07.12
Eudokia,01.03
Siemosław,25.12
Melania,13.01
Melania,31.12
Leszek,03.06
Hektor,20.06
Aspazjusz,02.01
Achilles,23.04
Achilles,12.05
Achilles,07.11
Bega,31.10
Bega,17.12
Klaudiusz,15.02
Klaudiusz,18.02
Klaudiusz,06.06
Klaudiusz,21.07
Klaudiusz,23.08
Klaudiusz,30.10
Klaudiusz,08.11
Zdziesław,29.01
Zdziesław,28.11
Zdziesław,16.12
Jeremiasz,16.02
Jeremiasz,05.03
Jeremiasz,05.04
Jeremiasz,01.05
Jeremiasz,14.05
Jeremiasz,07.06
Jeremiasz,26.06
Jeremiasz,15.09
Satur,29.03
Kwintylian,13.04
Kwintylian,16.04
Protazy,19.06
Protazy,04.08
Protazy,24.11
Rajmund,07.01
Rajmund,23.01
Rajmund,29.05
Rajmund,21.06
Rajmund,31.08
Rajmund,05.10
Berenika,14.04
Borys,02.05
Borys,10.08
Świętosława,03.05
Rufin,14.06
Rufin,29.07
Rufin,11.08
Mszczujwoj,04.11
Filomen,14.11
Filomen,29.11
Juwentyn,25.01
Anatol,20.03
Anatol,02.05
Anatol,03.07
Chocsław,10.05
Sabinian,07.06
Sabinian,27.08
Twardosław,21.11
Franciszek,15.01
Franciszek,29.01
Franciszek,02.02
Franciszek,17.02
Franciszek,18.02
Franciszek,20.02
Franciszek,02.03
Franciszek,08.03
Franciszek,27.03
Franciszek,02.04
Franciszek,09.04
Franciszek,06.05
Franciszek,11.05
Franciszek,24.05
Franciszek,03.06
Franciszek,04.06
Franciszek,17.06
Franciszek,20.06
Franciszek,14.07
Franciszek,25.07
Franciszek,04.08
Franciszek,21.08
Franciszek,02.09
Franciszek,09.09
Franciszek,10.09
Franciszek,12.09
Franciszek,16.09
Franciszek,17.09
Franciszek,20.09
Franciszek,25.09
Franciszek,29.09
Franciszek,30.09
Franciszek,04.10
Franciszek,10.10
Franciszek,29.10
Franciszek,24.11
Franciszek,27.11
Franciszek,29.11
Franciszek,03.12
Justyna,12.03
Justyna,14.04
Justyna,28.05
Justyna,16.06
Justyna,13.07
Justyna,05.09
Justyna,17.09
Justyna,26.09
Justyna,07.10
Justyna,30.11
Gwibert,23.05
Ludwina,02.12
Sewer,01.02
Sewer,15.02
Sewer,24.03
Sewer,29.04
Sewer,08.08
Sewer,20.08
Sewer,15.10
Sewer,22.10
Sewer,08.11
Sewer,30.12
Beat,19.02
Beat,09.05
Beat,31.07
Faustynian,26.02
Charyzjusz,16.04
Marcja,21.06
Romaryk,08.12
Konrad,14.02
Konrad,19.02
Konrad,09.04
Konrad,19.04
Konrad,20.04
Konrad,21.04
Konrad,01.06
Konrad,01.08
Konrad,07.08
Konrad,04.10
Konrad,21.11
Konrad,26.11
Konrad,12.12
Zdzisław,29.01
Zdzisław,28.11
Cezariusz,25.02
Cezariusz,15.04
Cezariusz,27.08
Zdzimir,04.04
Orencjusz,01.05
Ligia,11.08
Krystiana,04.01
Krystiana,14.01
Krystiana,21.01
Krystiana,26.07
Kiejstut,21.02
Przybymir,16.03
Przybymir,27.08
Ambroży,17.03
Ambroży,20.03
Ambroży,04.04
Ambroży,19.07
Ambroży,16.08
Ambroży,16.10
Ambroży,02.11
Ambroży,07.12
Radomira,14.09
Regina,18.01
Regina,17.03
Regina,07.09
Regina,21.11
Metrofan,04.06
Zbysława,30.11
Druzjanna,24.12
Arnold,15.01
Arnold,19.02
Arnold,18.07
Arnold,09.10
Sulpicjusz,17.01
Sulpicjusz,29.01
Niemir,14.02
Kancjan,31.05
Erhard,08.01
Tycjana,16.01
Tycjana,03.03
Ischyrion,01.06
Ischyrion,22.12
Bronisława,01.09
Maksencja,20.11
Agaton,10.01
Agaton,07.12
Weronika,13.01
Weronika,04.02
Weronika,17.05
Weronika,09.07
Weronika,12.07
Weronika,15.12
Konstanty,23.01
Konstanty,17.02
Konstanty,11.03
Konstanty,12.04
Rozwita,05.09
Ksymena,28.10
Suligost,04.01
Feliks,11.01
Feliks,14.01
Feliks,30.01
Feliks,12.02
Feliks,21.02
Feliks,23.02
Feliks,01.03
Feliks,08.03
Feliks,18.03
Feliks,23.03
Feliks,26.03
Feliks,16.04
Feliks,21.04
Feliks,23.04
Feliks,10.05
Feliks,18.05
Feliks,30.05
Feliks,31.05
Feliks,11.06
Feliks,14.06
Feliks,12.07
Feliks,14.07
Feliks,17.07
Feliks,27.07
Feliks,29.07
Feliks,28.08
Feliks,30.08
Feliks,01.09
Feliks,10.09
Feliks,11.09
Feliks,22.09
Feliks,12.10
Feliks,24.10
Feliks,06.11
Feliks,20.11
Feliks,28.11
Feliks,04.12
Feliks,05.12
Nicefor,25.02
Nicefor,26.03
Nicefor,02.06
Nicefor,22.07
Nicefor,13.11
Sykstus,03.04
Sykstus,07.08
Sykstus,01.09
Pankracy,03.04
Pankracy,12.05
Pankracy,22.08
Leonarda,26.10
Leokadia,09.12
Kazimiera,19.12
Cyryn,03.01
Cyryn,10.05
Cyryn,12.06
Cyryn,25.10
Werner,02.02
Maksymian,22.02
Maksymian,09.06
Maksymian,03.10
Damiana,23.02
Damiana,04.05
Alodia,03.05
Alodia,22.10
Noemi,14.12
Ismena,29.01
Łazarz,11.02
Łazarz,23.02
Łazarz,14.03
Łazarz,27.03
Łazarz,10.05
Łazarz,17.12
Łazarz,30.12
Kosma,18.02
Kosma,14.07
Kosma,26.09
Kosma,14.11
Agenor,22.06
Agatonik,22.08
Włodzimierz,16.01
Włodzimierz,12.06
Włodzimierz,14.07
Włodzimierz,15.07
Włodzimierz,11.08
Retycjusz,15.05
Prokles,12.07
Prokles,19.09
Prokles,24.10
Miłodziad,01.09
Druzus,14.12
Amata,05.01
Amata,20.02
Amata,10.06
Amata,24.09
Egon,15.07
Nil,26.09
Bratomił,18.10
Glafira,13.01
Urban,24.01
Urban,02.04
Urban,16.04
Urban,19.05
Urban,02.07
Urban,28.07
Urban,05.09
Urban,27.09
Urban,31.10
Urban,28.11
Urban,07.12
Urban,19.12
Helena,02.03
Helena,11.04
Helena,23.04
Helena,22.05
Helena,31.07
Helena,13.08
Helena,18.08
Helena,04.11
Dyzma,25.03
Dyzma,26.03
Sieciesława,06.04
Basjana,19.01
Wenanty,01.04
Wenanty,05.08
Wenanty,13.10
Wenanty,14.12
Wierzyn,19.04
Wierzyn,20.04
Ekhard,28.06
Ekhard,01.07
Ekhard,15.09
Ekhard,29.12
Gryzelda,22.12
Masław,01.01
Nikodema,25.03
Nikodema,03.08
Teodozjusz,11.01
Teodozjusz,14.02
Teodozjusz,26.03
Teodozjusz,17.07
Teodozjusz,25.10
Doryda,07.08
Frumencjusz,27.10
Tęgomir,25.11
Więcesława,18.02
Więcesława,28.09
Ezdrasz,13.07
Wszebora,21.10
Palemon,11.01
Ludwik,12.02
Ludwik,28.04
Ludwik,30.04
Ludwik,24.05
Ludwik,18.08
Ludwik,19.08
Ludwik,25.08
Ludwik,08.10
Ludwik,09.10
Ludwik,09.11
Marutas,16.02
Marutas,04.12
Fortunat,21.02
Fortunat,23.04
Fortunat,01.06
Fortunat,11.06
Fortunat,26.08
Fortunat,27.08
Fortunat,28.08
Fortunat,14.10
Euzebiusz,20.01
Euzebiusz,31.01
Euzebiusz,24.04
Euzebiusz,21.06
Euzebiusz,12.07
Euzebiusz,02.08
Euzebiusz,12.08
Euzebiusz,14.08
Euzebiusz,17.08
Euzebiusz,25.08
Euzebiusz,08.09
Euzebiusz,21.09
Euzebiusz,26.09
Euzebiusz,04.10
Euzebiusz,22.10
Euzebiusz,15.12
Euzebiusz,16.12
Alderyk,19.01
Alderyk,10.10
Emerencja,23.01
Klaudyna,03.02
Klaudyna,18.11
Cyriak,03.01
Cyriak,16.03
Cyriak,02.05
Cyriak,15.07
Cyriak,05.08
Cyriak,08.08
Cyriak,12.08
Cyriak,23.08
Cyriak,29.09
Cyriak,12.10
Radosław,01.03
Radosław,02.03
Radosław,08.04
Radosław,08.09
Radosław,27.11
Dziesława,24.03
Dziesława,22.12
Rajmunda,07.01
Rajmunda,23.01
Rajmunda,29.05
Rajmunda,31.08
Rajmunda,04.09
Lech,28.02
Lech,12.08
Lawinia,14.04
Jarogniew,12.06
Jarogniew,06.12
Tuskana,14.07
Trojan,10.02
Krescens,19.04
Krescens,20.04
Krescens,18.07
Krescens,04.08
Krescens,29.08
Krescens,01.10
Krescens,29.12
Ryksa,21.05
Wyszesław,08.06
Chloe,21.06
Wszemiła,22.11
Tercjusz,06.12
Dalemir,15.01
Leoncjusz,13.01
Leoncjusz,19.02
Leoncjusz,19.03
Leoncjusz,24.04
Leoncjusz,18.06
Leoncjusz,10.07
Leoncjusz,01.08
Satura,29.03
Werena,01.09
Stronisława,05.09
Argeus,02.01
Siestrzewit,20.02
Guntram,28.03
Rzędziwoj,10.07
Aurea,19.07
Aurea,04.10
Godzimir,31.10
Godzimir,25.11
Wenefryda,03.11
Miłosław,02.02
Miłosław,03.07
Miłosław,03.08
Miłosław,18.12
Winanda,01.02
Abdon,30.07
Gwidona,04.09
Ariel,01.10
Ariel,16.11
Ziemowit,19.10
Ziemowit,06.11
Bazyli,02.01
Bazyli,27.02
Bazyli,07.03
Bazyli,22.03
Bazyli,26.03
Bazyli,30.05
Bazyli,30.06
Boguwola,28.01
Boguwola,08.12
Gaston,06.02
Gaston,24.04
Bratomir,13.03
Bratomir,20.06
Pomponiusz,30.04
Liberiusz,18.05
Liberiusz,30.12
Teopist,20.09
Gustawa,27.11
Jakubina,02.01
Jakubina,04.03
Jakubina,01.04
Winibalda,18.12
Pelina,05.12
Kanimir,09.06
Serafin,12.10
Serafin,29.10
Letycja,13.03
Letycja,21.10
Gabriela,08.02
Gabriela,23.04
Gabriela,06.11
Gabriela,18.11
Gabriela,19.12
Klara,17.04
Klara,11.08
Klara,12.08
Klara,17.08
Klara,18.08
Cieszyrad,19.04
Cieszyrad,20.04
Drohobysz,18.06
Polian,10.09
Gorgonia,09.12
Genowefa,03.01
Genowefa,09.11
Borzygniew,24.02
Iweta,29.06
Eleutery,20.02
Eleutery,18.04
Eleutery,26.05
Eleutery,16.08
Eleutery,06.09
Eleutery,02.10
Eleutery,10.10
Kandyda,06.06
Kandyda,04.09
Kandyda,10.09
Kandyda,03.10
Salwia,26.06
Ermelinda,29.10
Filipina,18.11
Saturnin,19.01
Saturnin,12.02
Saturnin,15.02
Saturnin,16.04
Saturnin,07.07
Saturnin,30.10
Saturnin,31.10
Saturnin,29.11
Saturnin,15.12
Saturnin,23.12
Saturnin,29.12
Domicjan,07.05
Domicjan,12.05
Domicjan,01.07
Domicjan,09.08
Racisław,02.06
Racisław,05.09
Aubert,16.06
Aubert,13.12
Eucheriusz,16.11
Łucjan,07.01
Łucjan,04.10
Łucjan,26.10
Konkordia,22.02
Konkordia,13.08
Patrycja,13.03
Patrycja,20.03
Patrycja,25.08
Patrycja,28.08
Hildebranda,11.04
Hildebranda,05.06
Adriana,08.07
Adriana,08.09
Salwiusz,11.01
Salwiusz,26.06
Salwiusz,10.09
Konstancja,18.02
Konstancja,14.06
Konstancja,17.07
Konstancja,19.09
Marcisław,07.12
Zybert,01.02
Zybert,11.07
Zybert,27.09
Ernestyn,13.03
Częstowojna,30.08
Oktawia,20.11
Pia,19.01
Agnieszka,21.01
Agnieszka,28.01
Agnieszka,18.02
Agnieszka,06.03
Agnieszka,20.04
Agnieszka,17.06
Agnieszka,27.08
Agnieszka,18.11
Agnieszka,20.11
Bertrada,11.02
Bertrada,24.03
Falibog,28.02
Trofim,11.03
Trofim,18.03
Trofim,14.04
Trofim,30.06
Trofim,19.09
Trofim,29.12
Wiercisław,01.08
Wiercisław,23.09
Bertyn,05.09
Malachiasz,14.01
Malachiasz,28.03
Malachiasz,02.11
Juwencjusz,08.02
Juwencjusz,12.02
Juwencjusz,01.06
Juwencjusz,12.09
Dezyderiusz,11.02
Dezyderiusz,25.03
Dezyderiusz,23.05
Dezyderiusz,17.09
Dezyderiusz,19.09
Baldomer,27.02
Juwenalis,03.05
Juwenalis,02.07
Akwilina,13.06
Mira,21.09
Emanuela,25.01
Emanuela,26.03
Boguchwała,18.03
Boguchwała,23.09
Rypsyma,29.09
Kalinik,28.01
Kalinik,23.08
Kalinik,06.11
Antoni,09.01
Antoni,12.01
Antoni,17.01
Antoni,06.02
Antoni,07.02
Antoni,12.02
Antoni,18.02
Antoni,01.03
Antoni,08.03
Antoni,16.03
Antoni,03.04
Antoni,09.04
Antoni,10.04
Antoni,07.06
Antoni,12.06
Antoni,13.06
Antoni,05.07
Antoni,09.07
Antoni,10.07
Antoni,25.07
Antoni,28.07
Antoni,03.09
Antoni,10.09
Antoni,23.09
Antoni,02.10
Antoni,24.10
Antoni,07.11
Antoni,01.12
Antoni,13.12
Antoni,15.12
Antoni,28.12
Awita,21.01
Awita,05.02
Awita,17.06
Bolesława,29.01
Mieczysław,01.01
Mieczysław,12.06
Nawoja,12.05
Serena,28.06
Kalista,19.01
Kalista,25.04
Częstomir,10.05
Edmund,07.08
Edmund,30.10
Edmund,16.11
Edmund,20.11
Edmund,01.12
Tarsycjusz,15.08
Elifia,16.10
Lubgost,16.10
Lubgost,29.10
Abercjusz,22.10
Mariola,25.03
Mariola,03.05
Sekundyn,11.02
Sekundyn,13.08
Lutosława,26.02
Stomir,12.01
Stomir,02.11
Bolebor,25.02
Rustyka,25.04
Rustyka,17.08
Rustyka,10.10
Rustyka,14.10
Rustyka,26.10
Ewelina,26.05
Ewelina,24.12
Sebbus,29.08
Chrystian,04.12
Julia,15.02
Julia,20.02
Julia,08.04
Julia,16.04
Julia,22.05
Julia,21.07
Julia,27.07
Julia,01.10
Julia,10.12
Dydym,28.04
Dydym,10.09
Dydym,11.09
Wisława,22.05
Wisława,15.06
Tryfiliusz,13.06
Wincentyna,28.06
Wincentyna,26.12
Hadriana,08.07
Hadriana,09.07
Hadriana,26.08
Artur,06.10
Artur,15.11
Artur,11.12
Radbod,29.11
Jeremi,16.02
Jeremi,05.04
Jeremi,01.05
Jeremi,14.05
Jeremi,07.06
Jeremi,26.06
Jeremi,15.09
Rudolf,21.06
Rudolf,25.07
Rudolf,01.08
Rudolf,17.10
Rudolf,01.12
Irmina,24.12
Izaur,17.06
Augustyn,28.01
Augustyn,29.04
Augustyn,19.05
Augustyn,27.05
Augustyn,28.05
Augustyn,09.07
Augustyn,24.07
Augustyn,03.08
Augustyn,28.08
Augustyn,09.09
Romuald,07.02
Romuald,19.06
Romuald,24.06
Romuald,09.08
Konkordiusz,01.01
Konkordiusz,16.12
Tala,11.03
Edeltruda,23.06
Adalryk,19.01
Adalryk,10.10
Diodor,03.05
Diodor,11.09
Wolfgang,31.10
Irma,24.12
Oskar,03.02
Dzierżysława,24.03
Anatolia,09.07
Anatolia,23.12
Alberta,06.10
Halszka,02.03
Natalia,27.07
Natalia,26.08
Natalia,01.12
Pamfilia,24.10
Lechosława,26.11
Baldomera,27.02
Justyn,13.04
Justyn,01.06
Justyn,14.06
Justyn,18.07
Justyn,31.07
Justyn,01.08
Justyn,04.08
Justyn,17.09
Justyn,05.10
Justyn,12.12
Tymon,19.04
Tymon,20.04
Tymon,28.07
Tymon,28.09
Edelburga,07.07
Genezjusz,25.08
Bibian,28.08
Częstogoj,04.02
Ilona,23.04
Ilona,18.08
Tina,14.05
Tina,28.07
Sandra,18.05
Sandra,26.08
Cyryk,16.06
Dargorad,24.11
Ingbert,28.03
Ingbert,22.10
Mścibor,10.09
Serapion,20.02
Serapion,25.02
Serapion,21.03
Serapion,21.05
Serapion,13.07
Serapion,27.08
Serapion,30.10
Serapion,14.11
Ksawera,22.12
Atenogenes,18.01
Atenogenes,16.07
Manuela,26.03
Gardomir,11.10
Krzesimir,11.01
Krzesimir,24.07
Wiktoria,11.02
Wiktoria,20.05
Wiktoria,12.08
Wiktoria,21.08
Wiktoria,17.11
Wiktoria,23.12
Hugon,01.04
Hugon,29.04
Hugon,10.08
Hugon,17.11
Suligniewa,30.05
Mściwoj,04.11
Eligiusz,15.01
Eligiusz,01.12
Bianor,10.07
Przedpełk,09.10
Honorat,16.01
Honorat,08.02
Honorat,16.05
Honorat,27.08
Honorat,13.10
Honorat,23.10
Honorat,28.10
Honorat,21.12
Honorat,29.12
Tryfonia,18.10
Uniebog,10.11
Eustazjusz,29.03
Eustazjusz,16.07
